timestamp,anchor,mac,rssi,name,distance_m,obstacle,obstacle_type
33577,ANCHOR_01,52:06:26:03:01:DA,-77,MFG_4C000215FDA50693A4E24FB1AFCFC6EB0764782500010002D8,1.0,Yes,Concrete Wall
34597,ANCHOR_01,52:06:26:03:01:DA,-82,MFG_4C000215FDA50693A4E24FB1AFCFC6EB0764782500010002D8,1.0,Yes,Concrete Wall
35617,ANCHOR_01,52:06:26:03:01:DA,-85,MFG_4C000215FDA50693A4E24FB1AFCFC6EB0764782500010002D8,1.0,Yes,Concrete Wall
36607,ANCHOR_01,52:06:26:03:01:DA,-83,MFG_4C000215FDA50693A4E24FB1AFCFC6EB0764782500010002D8,1.0,Yes,Concrete Wall
37627,ANCHOR_01,52:06:26:03:01:DA,-79,MFG_4C000215FDA50693A4E24FB1AFCFC6EB0764782500010002D8,1.0,Yes,Concrete Wall
39637,ANCHOR_01,52:06:26:03:01:DA,-82,MFG_4C000215FDA50693A4E24FB1AFCFC6EB0764782500010002D8,1.0,Yes,Concrete Wall
40627,ANCHOR_01,52:06:26:03:01:DA,-79,MFG_4C000215FDA50693A4E24FB1AFCFC6EB0764782500010002D8,1.0,Yes,Concrete Wall
41647,ANCHOR_01,52:06:26:03:01:DA,-84,MFG_4C000215FDA50693A4E24FB1AFCFC6EB0764782500010002D8,1.0,Yes,Concrete Wall
42637,ANCHOR_01,52:06:26:03:01:DA,-83,MFG_4C000215FDA50693A4E24FB1AFCFC6EB0764782500010002D8,1.0,Yes,Concrete Wall
43657,ANCHOR_01,52:06:26:03:01:DA,-75,MFG_4C000215FDA50693A4E24FB1AFCFC6EB0764782500010002D8,1.0,Yes,Concrete Wall
45667,ANCHOR_01,52:06:26:03:01:DA,-77,MFG_4C000215FDA50693A4E24FB1AFCFC6EB0764782500010002D8,1.0,Yes,Concrete Wall
46657,ANCHOR_01,52:06:26:03:01:DA,-82,MFG_4C000215FDA50693A4E24FB1AFCFC6EB0764782500010002D8,1.0,Yes,Concrete Wall
47677,ANCHOR_01,52:06:26:03:01:DA,-88,MFG_4C000215FDA50693A4E24FB1AFCFC6EB0764782500010002D8,1.0,Yes,Concrete Wall
49687,ANCHOR_01,52:06:26:03:01:DA,-75,MFG_4C000215FDA50693A4E24FB1AFCFC6EB0764782500010002D8,1.0,Yes,Concrete Wall
51697,ANCHOR_01,52:06:26:03:01:DA,-78,MFG_4C000215FDA50693A4E24FB1AFCFC6EB0764782500010002D8,1.0,Yes,Concrete Wall
52687,ANCHOR_01,52:06:26:03:01:DA,-79,MFG_4C000215FDA50693A4E24FB1AFCFC6EB0764782500010002D8,1.0,Yes,Concrete Wall
53707,ANCHOR_01,52:06:26:03:01:DA,-87,MFG_4C000215FDA50693A4E24FB1AFCFC6EB0764782500010002D8,1.0,Yes,Concrete Wall
54727,ANCHOR_01,52:06:26:03:01:DA,-75,MFG_4C000215FDA50693A4E24FB1AFCFC6EB0764782500010002D8,1.0,Yes,Concrete Wall
55717,ANCHOR_01,52:06:26:03:01:DA,-75,MFG_4C000215FDA50693A4E24FB1AFCFC6EB0764782500010002D8,1.0,Yes,Concrete Wall
56737,ANCHOR_01,52:06:26:03:01:DA,-85,MFG_4C000215FDA50693A4E24FB1AFCFC6EB0764782500010002D8,1.0,Yes,Concrete Wall
57727,ANCHOR_01,52:06:26:03:01:DA,-87,MFG_4C000215FDA50693A4E24FB1AFCFC6EB0764782500010002D8,1.0,Yes,Concrete Wall
58747,ANCHOR_01,52:06:26:03:01:DA,-94,MFG_4C000215FDA50693A4E24FB1AFCFC6EB0764782500010002D8,1.0,Yes,Concrete Wall
59737,ANCHOR_01,52:06:26:03:01:DA,-83,MFG_4C000215FDA50693A4E24FB1AFCFC6EB0764782500010002D8,1.0,Yes,Concrete Wall
60757,ANCHOR_01,52:06:26:03:01:DA,-76,MFG_4C000215FDA50693A4E24FB1AFCFC6EB0764782500010002D8,1.0,Yes,Concrete Wall
61747,ANCHOR_01,52:06:26:03:01:DA,-76,MFG_4C000215FDA50693A4E24FB1AFCFC6EB0764782500010002D8,1.0,Yes,Concrete Wall
62767,ANCHOR_01,52:06:26:03:01:DA,-84,MFG_4C000215FDA50693A4E24FB1AFCFC6EB0764782500010002D8,1.0,Yes,Concrete Wall
63757,ANCHOR_01,52:06:26:03:01:DA,-84,MFG_4C000215FDA50693A4E24FB1AFCFC6EB0764782500010002D8,1.0,Yes,Concrete Wall
64777,ANCHOR_01,52:06:26:03:01:DA,-87,MFG_4C000215FDA50693A4E24FB1AFCFC6EB0764782500010002D8,1.0,Yes,Concrete Wall
65767,ANCHOR_01,52:06:26:03:01:DA,-86,MFG_4C000215FDA50693A4E24FB1AFCFC6EB0764782500010002D8,1.0,Yes,Concrete Wall
66787,ANCHOR_01,52:06:26:03:01:DA,-77,MFG_4C000215FDA50693A4E24FB1AFCFC6EB0764782500010002D8,1.0,Yes,Concrete Wall
68797,ANCHOR_01,52:06:26:03:01:DA,-84,MFG_4C000215FDA50693A4E24FB1AFCFC6EB0764782500010002D8,1.0,Yes,Concrete Wall
69817,ANCHOR_01,52:06:26:03:01:DA,-86,MFG_4C000215FDA50693A4E24FB1AFCFC6EB0764782500010002D8,1.0,Yes,Concrete Wall
70807,ANCHOR_01,52:06:26:03:01:DA,-86,MFG_4C000215FDA50693A4E24FB1AFCFC6EB0764782500010002D8,1.0,Yes,Concrete Wall
71827,ANCHOR_01,52:06:26:03:01:DA,-76,MFG_4C000215FDA50693A4E24FB1AFCFC6EB0764782500010002D8,1.0,Yes,Concrete Wall
72817,ANCHOR_01,52:06:26:03:01:DA,-76,MFG_4C000215FDA50693A4E24FB1AFCFC6EB0764782500010002D8,1.0,Yes,Concrete Wall
73837,ANCHOR_01,52:06:26:03:01:DA,-84,MFG_4C000215FDA50693A4E24FB1AFCFC6EB0764782500010002D8,1.0,Yes,Concrete Wall
75847,ANCHOR_01,52:06:26:03:01:DA,-87,MFG_4C000215FDA50693A4E24FB1AFCFC6EB0764782500010002D8,1.0,Yes,Concrete Wall
76837,ANCHOR_01,52:06:26:03:01:DA,-87,MFG_4C000215FDA50693A4E24FB1AFCFC6EB0764782500010002D8,1.0,Yes,Concrete Wall
77857,ANCHOR_01,52:06:26:03:01:DA,-76,MFG_4C000215FDA50693A4E24FB1AFCFC6EB0764782500010002D8,1.0,Yes,Concrete Wall
78847,ANCHOR_01,52:06:26:03:01:DA,-77,MFG_4C000215FDA50693A4E24FB1AFCFC6EB0764782500010002D8,1.0,Yes,Concrete Wall
79867,ANCHOR_01,52:06:26:03:01:DA,-84,MFG_4C000215FDA50693A4E24FB1AFCFC6EB0764782500010002D8,1.0,Yes,Concrete Wall
80857,ANCHOR_01,52:06:26:03:01:DA,-84,MFG_4C000215FDA50693A4E24FB1AFCFC6EB0764782500010002D8,1.0,Yes,Concrete Wall
81877,ANCHOR_01,52:06:26:03:01:DA,-86,MFG_4C000215FDA50693A4E24FB1AFCFC6EB0764782500010002D8,1.0,Yes,Concrete Wall
82897,ANCHOR_01,52:06:26:03:01:DA,-76,MFG_4C000215FDA50693A4E24FB1AFCFC6EB0764782500010002D8,1.0,Yes,Concrete Wall
83887,ANCHOR_01,52:06:26:03:01:DA,-76,MFG_4C000215FDA50693A4E24FB1AFCFC6EB0764782500010002D8,1.0,Yes,Concrete Wall
85897,ANCHOR_01,52:06:26:03:01:DA,-82,MFG_4C000215FDA50693A4E24FB1AFCFC6EB0764782500010002D8,1.0,Yes,Concrete Wall
86887,ANCHOR_01,52:06:26:03:01:DA,-83,MFG_4C000215FDA50693A4E24FB1AFCFC6EB0764782500010002D8,1.0,Yes,Concrete Wall
87907,ANCHOR_01,52:06:26:03:01:DA,-86,MFG_4C000215FDA50693A4E24FB1AFCFC6EB0764782500010002D8,1.0,Yes,Concrete Wall
88927,ANCHOR_01,52:06:26:03:01:DA,-76,MFG_4C000215FDA50693A4E24FB1AFCFC6EB0764782500010002D8,1.0,Yes,Concrete Wall
89917,ANCHOR_01,52:06:26:03:01:DA,-76,MFG_4C000215FDA50693A4E24FB1AFCFC6EB0764782500010002D8,1.0,Yes,Concrete Wall
91927,ANCHOR_01,52:06:26:03:01:DA,-83,MFG_4C000215FDA50693A4E24FB1AFCFC6EB0764782500010002D8,1.0,Yes,Concrete Wall
92917,ANCHOR_01,52:06:26:03:01:DA,-84,MFG_4C000215FDA50693A4E24FB1AFCFC6EB0764782500010002D8,1.0,Yes,Concrete Wall
93937,ANCHOR_01,52:06:26:03:01:DA,-85,MFG_4C000215FDA50693A4E24FB1AFCFC6EB0764782500010002D8,1.0,Yes,Concrete Wall
94927,ANCHOR_01,52:06:26:03:01:DA,-88,MFG_4C000215FDA50693A4E24FB1AFCFC6EB0764782500010002D8,1.0,Yes,Concrete Wall
95947,ANCHOR_01,52:06:26:03:01:DA,-76,MFG_4C000215FDA50693A4E24FB1AFCFC6EB0764782500010002D8,1.0,Yes,Concrete Wall
97957,ANCHOR_01,52:06:26:03:01:DA,-84,MFG_4C000215FDA50693A4E24FB1AFCFC6EB0764782500010002D8,1.0,Yes,Concrete Wall
98947,ANCHOR_01,52:06:26:03:01:DA,-84,MFG_4C000215FDA50693A4E24FB1AFCFC6EB0764782500010002D8,1.0,Yes,Concrete Wall
99967,ANCHOR_01,52:06:26:03:01:DA,-87,MFG_4C000215FDA50693A4E24FB1AFCFC6EB0764782500010002D8,1.0,Yes,Concrete Wall
100957,ANCHOR_01,52:06:26:03:01:DA,-87,MFG_4C000215FDA50693A4E24FB1AFCFC6EB0764782500010002D8,1.0,Yes,Concrete Wall
101977,ANCHOR_01,52:06:26:03:01:DA,-76,MFG_4C000215FDA50693A4E24FB1AFCFC6EB0764782500010002D8,1.0,Yes,Concrete Wall
102967,ANCHOR_01,52:06:26:03:01:DA,-77,MFG_4C000215FDA50693A4E24FB1AFCFC6EB0764782500010002D8,1.0,Yes,Concrete Wall
103987,ANCHOR_01,52:06:26:03:01:DA,-84,MFG_4C000215FDA50693A4E24FB1AFCFC6EB0764782500010002D8,1.0,Yes,Concrete Wall
104977,ANCHOR_01,52:06:26:03:01:DA,-83,MFG_4C000215FDA50693A4E24FB1AFCFC6EB0764782500010002D8,1.0,Yes,Concrete Wall
105997,ANCHOR_01,52:06:26:03:01:DA,-88,MFG_4C000215FDA50693A4E24FB1AFCFC6EB0764782500010002D8,1.0,Yes,Concrete Wall
106987,ANCHOR_01,52:06:26:03:01:DA,-88,MFG_4C000215FDA50693A4E24FB1AFCFC6EB0764782500010002D8,1.0,Yes,Concrete Wall
108007,ANCHOR_01,52:06:26:03:01:DA,-76,MFG_4C000215FDA50693A4E24FB1AFCFC6EB0764782500010002D8,1.0,Yes,Concrete Wall
108997,ANCHOR_01,52:06:26:03:01:DA,-75,MFG_4C000215FDA50693A4E24FB1AFCFC6EB0764782500010002D8,1.0,Yes,Concrete Wall
110017,ANCHOR_01,52:06:26:03:01:DA,-84,MFG_4C000215FDA50693A4E24FB1AFCFC6EB0764782500010002D8,1.0,Yes,Concrete Wall
111007,ANCHOR_01,52:06:26:03:01:DA,-85,MFG_4C000215FDA50693A4E24FB1AFCFC6EB0764782500010002D8,1.0,Yes,Concrete Wall
112027,ANCHOR_01,52:06:26:03:01:DA,-87,MFG_4C000215FDA50693A4E24FB1AFCFC6EB0764782500010002D8,1.0,Yes,Concrete Wall
113017,ANCHOR_01,52:06:26:03:01:DA,-88,MFG_4C000215FDA50693A4E24FB1AFCFC6EB0764782500010002D8,1.0,Yes,Concrete Wall
114007,ANCHOR_01,52:06:26:03:01:DA,-88,MFG_4C000215FDA50693A4E24FB1AFCFC6EB0764782500010002D8,1.0,Yes,Concrete Wall
115027,ANCHOR_01,52:06:26:03:01:DA,-75,MFG_4C000215FDA50693A4E24FB1AFCFC6EB0764782500010002D8,1.0,Yes,Concrete Wall
117037,ANCHOR_01,52:06:26:03:01:DA,-85,MFG_4C000215FDA50693A4E24FB1AFCFC6EB0764782500010002D8,1.0,Yes,Concrete Wall
118027,ANCHOR_01,52:06:26:03:01:DA,-86,MFG_4C000215FDA50693A4E24FB1AFCFC6EB0764782500010002D8,1.0,Yes,Concrete Wall
119047,ANCHOR_01,52:06:26:03:01:DA,-89,MFG_4C000215FDA50693A4E24FB1AFCFC6EB0764782500010002D8,1.0,Yes,Concrete Wall
120037,ANCHOR_01,52:06:26:03:01:DA,-88,MFG_4C000215FDA50693A4E24FB1AFCFC6EB0764782500010002D8,1.0,Yes,Concrete Wall
121057,ANCHOR_01,52:06:26:03:01:DA,-75,MFG_4C000215FDA50693A4E24FB1AFCFC6EB0764782500010002D8,1.0,Yes,Concrete Wall
122047,ANCHOR_01,52:06:26:03:01:DA,-76,MFG_4C000215FDA50693A4E24FB1AFCFC6EB0764782500010002D8,1.0,Yes,Concrete Wall
123037,ANCHOR_01,52:06:26:03:01:DA,-76,MFG_4C000215FDA50693A4E24FB1AFCFC6EB0764782500010002D8,1.0,Yes,Concrete Wall
124057,ANCHOR_01,52:06:26:03:01:DA,-85,MFG_4C000215FDA50693A4E24FB1AFCFC6EB0764782500010002D8,1.0,Yes,Concrete Wall
125047,ANCHOR_01,52:06:26:03:01:DA,-85,MFG_4C000215FDA50693A4E24FB1AFCFC6EB0764782500010002D8,1.0,Yes,Concrete Wall
126067,ANCHOR_01,52:06:26:03:01:DA,-90,MFG_4C000215FDA50693A4E24FB1AFCFC6EB0764782500010002D8,1.0,Yes,Concrete Wall
127057,ANCHOR_01,52:06:26:03:01:DA,-88,MFG_4C000215FDA50693A4E24FB1AFCFC6EB0764782500010002D8,1.0,Yes,Concrete Wall
128077,ANCHOR_01,52:06:26:03:01:DA,-76,MFG_4C000215FDA50693A4E24FB1AFCFC6EB0764782500010002D8,1.0,Yes,Concrete Wall
129097,ANCHOR_01,52:06:26:03:01:DA,-85,MFG_4C000215FDA50693A4E24FB1AFCFC6EB0764782500010002D8,1.0,Yes,Concrete Wall
130087,ANCHOR_01,52:06:26:03:01:DA,-85,MFG_4C000215FDA50693A4E24FB1AFCFC6EB0764782500010002D8,1.0,Yes,Concrete Wall
131077,ANCHOR_01,52:06:26:03:01:DA,-84,MFG_4C000215FDA50693A4E24FB1AFCFC6EB0764782500010002D8,1.0,Yes,Concrete Wall
132097,ANCHOR_01,52:06:26:03:01:DA,-88,MFG_4C000215FDA50693A4E24FB1AFCFC6EB0764782500010002D8,1.0,Yes,Concrete Wall
133087,ANCHOR_01,52:06:26:03:01:DA,-88,MFG_4C000215FDA50693A4E24FB1AFCFC6EB0764782500010002D8,1.0,Yes,Concrete Wall
134107,ANCHOR_01,52:06:26:03:01:DA,-75,MFG_4C000215FDA50693A4E24FB1AFCFC6EB0764782500010002D8,1.0,Yes,Concrete Wall
135097,ANCHOR_01,52:06:26:03:01:DA,-75,MFG_4C000215FDA50693A4E24FB1AFCFC6EB0764782500010002D8,1.0,Yes,Concrete Wall
136117,ANCHOR_01,52:06:26:03:01:DA,-85,MFG_4C000215FDA50693A4E24FB1AFCFC6EB0764782500010002D8,1.0,Yes,Concrete Wall
137107,ANCHOR_01,52:06:26:03:01:DA,-84,MFG_4C000215FDA50693A4E24FB1AFCFC6EB0764782500010002D8,1.0,Yes,Concrete Wall
138127,ANCHOR_01,52:06:26:03:01:DA,-88,MFG_4C000215FDA50693A4E24FB1AFCFC6EB0764782500010002D8,1.0,Yes,Concrete Wall
139117,ANCHOR_01,52:06:26:03:01:DA,-88,MFG_4C000215FDA50693A4E24FB1AFCFC6EB0764782500010002D8,1.0,Yes,Concrete Wall
140137,ANCHOR_01,52:06:26:03:01:DA,-76,MFG_4C000215FDA50693A4E24FB1AFCFC6EB0764782500010002D8,1.0,Yes,Concrete Wall
141127,ANCHOR_01,52:06:26:03:01:DA,-75,MFG_4C000215FDA50693A4E24FB1AFCFC6EB0764782500010002D8,1.0,Yes,Concrete Wall
143137,ANCHOR_01,52:06:26:03:01:DA,-84,MFG_4C000215FDA50693A4E24FB1AFCFC6EB0764782500010002D8,1.0,Yes,Concrete Wall
144157,ANCHOR_01,52:06:26:03:01:DA,-88,MFG_4C000215FDA50693A4E24FB1AFCFC6EB0764782500010002D8,1.0,Yes,Concrete Wall
145147,ANCHOR_01,52:06:26:03:01:DA,-87,MFG_4C000215FDA50693A4E24FB1AFCFC6EB0764782500010002D8,1.0,Yes,Concrete Wall
146167,ANCHOR_01,52:06:26:03:01:DA,-76,MFG_4C000215FDA50693A4E24FB1AFCFC6EB0764782500010002D8,1.0,Yes,Concrete Wall
147157,ANCHOR_01,52:06:26:03:01:DA,-76,MFG_4C000215FDA50693A4E24FB1AFCFC6EB0764782500010002D8,1.0,Yes,Concrete Wall
149167,ANCHOR_01,52:06:26:03:01:DA,-85,MFG_4C000215FDA50693A4E24FB1AFCFC6EB0764782500010002D8,1.0,Yes,Concrete Wall
151177,ANCHOR_01,52:06:26:03:01:DA,-87,MFG_4C000215FDA50693A4E24FB1AFCFC6EB0764782500010002D8,1.0,Yes,Concrete Wall
152167,ANCHOR_01,52:06:26:03:01:DA,-87,MFG_4C000215FDA50693A4E24FB1AFCFC6EB0764782500010002D8,1.0,Yes,Concrete Wall
153187,ANCHOR_01,52:06:26:03:01:DA,-76,MFG_4C000215FDA50693A4E24FB1AFCFC6EB0764782500010002D8,1.0,Yes,Concrete Wall
155197,ANCHOR_01,52:06:26:03:01:DA,-83,MFG_4C000215FDA50693A4E24FB1AFCFC6EB0764782500010002D8,1.0,Yes,Concrete Wall
157207,ANCHOR_01,52:06:26:03:01:DA,-86,MFG_4C000215FDA50693A4E24FB1AFCFC6EB0764782500010002D8,1.0,Yes,Concrete Wall
158197,ANCHOR_01,52:06:26:03:01:DA,-86,MFG_4C000215FDA50693A4E24FB1AFCFC6EB0764782500010002D8,1.0,Yes,Concrete Wall
159217,ANCHOR_01,52:06:26:03:01:DA,-76,MFG_4C000215FDA50693A4E24FB1AFCFC6EB0764782500010002D8,1.0,Yes,Concrete Wall
161227,ANCHOR_01,52:06:26:03:01:DA,-85,MFG_4C000215FDA50693A4E24FB1AFCFC6EB0764782500010002D8,1.0,Yes,Concrete Wall
162217,ANCHOR_01,52:06:26:03:01:DA,-87,MFG_4C000215FDA50693A4E24FB1AFCFC6EB0764782500010002D8,1.0,Yes,Concrete Wall
163237,ANCHOR_01,52:06:26:03:01:DA,-97,MFG_4C000215FDA50693A4E24FB1AFCFC6EB0764782500010002D8,1.0,Yes,Concrete Wall
165247,ANCHOR_01,52:06:26:03:01:DA,-76,MFG_4C000215FDA50693A4E24FB1AFCFC6EB0764782500010002D8,1.0,Yes,Concrete Wall
166237,ANCHOR_01,52:06:26:03:01:DA,-76,MFG_4C000215FDA50693A4E24FB1AFCFC6EB0764782500010002D8,1.0,Yes,Concrete Wall
167257,ANCHOR_01,52:06:26:03:01:DA,-85,MFG_4C000215FDA50693A4E24FB1AFCFC6EB0764782500010002D8,1.0,Yes,Concrete Wall
168247,ANCHOR_01,52:06:26:03:01:DA,-85,MFG_4C000215FDA50693A4E24FB1AFCFC6EB0764782500010002D8,1.0,Yes,Concrete Wall
169267,ANCHOR_01,52:06:26:03:01:DA,-91,MFG_4C000215FDA50693A4E24FB1AFCFC6EB0764782500010002D8,1.0,Yes,Concrete Wall
170257,ANCHOR_01,52:06:26:03:01:DA,-91,MFG_4C000215FDA50693A4E24FB1AFCFC6EB0764782500010002D8,1.0,Yes,Concrete Wall
172267,ANCHOR_01,52:06:26:03:01:DA,-76,MFG_4C000215FDA50693A4E24FB1AFCFC6EB0764782500010002D8,1.0,Yes,Concrete Wall
173257,ANCHOR_01,52:06:26:03:01:DA,-76,MFG_4C000215FDA50693A4E24FB1AFCFC6EB0764782500010002D8,1.0,Yes,Concrete Wall
174277,ANCHOR_01,52:06:26:03:01:DA,-85,MFG_4C000215FDA50693A4E24FB1AFCFC6EB0764782500010002D8,1.0,Yes,Concrete Wall
175267,ANCHOR_01,52:06:26:03:01:DA,-85,MFG_4C000215FDA50693A4E24FB1AFCFC6EB0764782500010002D8,1.0,Yes,Concrete Wall
176287,ANCHOR_01,52:06:26:03:01:DA,-90,MFG_4C000215FDA50693A4E24FB1AFCFC6EB0764782500010002D8,1.0,Yes,Concrete Wall
177277,ANCHOR_01,52:06:26:03:01:DA,-90,MFG_4C000215FDA50693A4E24FB1AFCFC6EB0764782500010002D8,1.0,Yes,Concrete Wall
178297,ANCHOR_01,52:06:26:03:01:DA,-75,MFG_4C000215FDA50693A4E24FB1AFCFC6EB0764782500010002D8,1.0,Yes,Concrete Wall
179287,ANCHOR_01,52:06:26:03:01:DA,-77,MFG_4C000215FDA50693A4E24FB1AFCFC6EB0764782500010002D8,1.0,Yes,Concrete Wall
180307,ANCHOR_01,52:06:26:03:01:DA,-84,MFG_4C000215FDA50693A4E24FB1AFCFC6EB0764782500010002D8,1.0,Yes,Concrete Wall
181297,ANCHOR_01,52:06:26:03:01:DA,-84,MFG_4C000215FDA50693A4E24FB1AFCFC6EB0764782500010002D8,1.0,Yes,Concrete Wall
182317,ANCHOR_01,52:06:26:03:01:DA,-90,MFG_4C000215FDA50693A4E24FB1AFCFC6EB0764782500010002D8,1.0,Yes,Concrete Wall
183307,ANCHOR_01,52:06:26:03:01:DA,-89,MFG_4C000215FDA50693A4E24FB1AFCFC6EB0764782500010002D8,1.0,Yes,Concrete Wall
184327,ANCHOR_01,52:06:26:03:01:DA,-75,MFG_4C000215FDA50693A4E24FB1AFCFC6EB0764782500010002D8,1.0,Yes,Concrete Wall
185317,ANCHOR_01,52:06:26:03:01:DA,-76,MFG_4C000215FDA50693A4E24FB1AFCFC6EB0764782500010002D8,1.0,Yes,Concrete Wall
186337,ANCHOR_01,52:06:26:03:01:DA,-85,MFG_4C000215FDA50693A4E24FB1AFCFC6EB0764782500010002D8,1.0,Yes,Concrete Wall
187327,ANCHOR_01,52:06:26:03:01:DA,-85,MFG_4C000215FDA50693A4E24FB1AFCFC6EB0764782500010002D8,1.0,Yes,Concrete Wall
188347,ANCHOR_01,52:06:26:03:01:DA,-90,MFG_4C000215FDA50693A4E24FB1AFCFC6EB0764782500010002D8,1.0,Yes,Concrete Wall
189367,ANCHOR_01,52:06:26:03:01:DA,-76,MFG_4C000215FDA50693A4E24FB1AFCFC6EB0764782500010002D8,1.0,Yes,Concrete Wall
190357,ANCHOR_01,52:06:26:03:01:DA,-77,MFG_4C000215FDA50693A4E24FB1AFCFC6EB0764782500010002D8,1.0,Yes,Concrete Wall
191377,ANCHOR_01,52:06:26:03:01:DA,-83,MFG_4C000215FDA50693A4E24FB1AFCFC6EB0764782500010002D8,1.0,Yes,Concrete Wall
192367,ANCHOR_01,52:06:26:03:01:DA,-84,MFG_4C000215FDA50693A4E24FB1AFCFC6EB0764782500010002D8,1.0,Yes,Concrete Wall
194377,ANCHOR_01,52:06:26:03:01:DA,-88,MFG_4C000215FDA50693A4E24FB1AFCFC6EB0764782500010002D8,1.0,Yes,Concrete Wall
196387,ANCHOR_01,52:06:26:03:01:DA,-75,MFG_4C000215FDA50693A4E24FB1AFCFC6EB0764782500010002D8,1.0,Yes,Concrete Wall
197407,ANCHOR_01,52:06:26:03:01:DA,-85,MFG_4C000215FDA50693A4E24FB1AFCFC6EB0764782500010002D8,1.0,Yes,Concrete Wall
198397,ANCHOR_01,52:06:26:03:01:DA,-84,MFG_4C000215FDA50693A4E24FB1AFCFC6EB0764782500010002D8,1.0,Yes,Concrete Wall
199417,ANCHOR_01,52:06:26:03:01:DA,-86,MFG_4C000215FDA50693A4E24FB1AFCFC6EB0764782500010002D8,1.0,Yes,Concrete Wall
200407,ANCHOR_01,52:06:26:03:01:DA,-89,MFG_4C000215FDA50693A4E24FB1AFCFC6EB0764782500010002D8,1.0,Yes,Concrete Wall
201397,ANCHOR_01,52:06:26:03:01:DA,-85,MFG_4C000215FDA50693A4E24FB1AFCFC6EB0764782500010002D8,1.0,Yes,Concrete Wall
202417,ANCHOR_01,52:06:26:03:01:DA,-77,MFG_4C000215FDA50693A4E24FB1AFCFC6EB0764782500010002D8,1.0,Yes,Concrete Wall
203437,ANCHOR_01,52:06:26:03:01:DA,-86,MFG_4C000215FDA50693A4E24FB1AFCFC6EB0764782500010002D8,1.0,Yes,Concrete Wall
204427,ANCHOR_01,52:06:26:03:01:DA,-77,MFG_4C000215FDA50693A4E24FB1AFCFC6EB0764782500010002D8,1.0,Yes,Concrete Wall
205447,ANCHOR_01,52:06:26:03:01:DA,-84,MFG_4C000215FDA50693A4E24FB1AFCFC6EB0764782500010002D8,1.0,Yes,Concrete Wall
206437,ANCHOR_01,52:06:26:03:01:DA,-81,MFG_4C000215FDA50693A4E24FB1AFCFC6EB0764782500010002D8,1.0,Yes,Concrete Wall
207457,ANCHOR_01,52:06:26:03:01:DA,-76,MFG_4C000215FDA50693A4E24FB1AFCFC6EB0764782500010002D8,1.0,Yes,Concrete Wall
208447,ANCHOR_01,52:06:26:03:01:DA,-78,MFG_4C000215FDA50693A4E24FB1AFCFC6EB0764782500010002D8,1.0,Yes,Concrete Wall
209467,ANCHOR_01,52:06:26:03:01:DA,-84,MFG_4C000215FDA50693A4E24FB1AFCFC6EB0764782500010002D8,1.0,Yes,Concrete Wall
210457,ANCHOR_01,52:06:26:03:01:DA,-81,MFG_4C000215FDA50693A4E24FB1AFCFC6EB0764782500010002D8,1.0,Yes,Concrete Wall
211447,ANCHOR_01,52:06:26:03:01:DA,-81,MFG_4C000215FDA50693A4E24FB1AFCFC6EB0764782500010002D8,1.0,Yes,Concrete Wall
212467,ANCHOR_01,52:06:26:03:01:DA,-81,MFG_4C000215FDA50693A4E24FB1AFCFC6EB0764782500010002D8,1.0,Yes,Concrete Wall
213457,ANCHOR_01,52:06:26:03:01:DA,-87,MFG_4C000215FDA50693A4E24FB1AFCFC6EB0764782500010002D8,1.0,Yes,Concrete Wall
214477,ANCHOR_01,52:06:26:03:01:DA,-74,MFG_4C000215FDA50693A4E24FB1AFCFC6EB0764782500010002D8,1.0,Yes,Concrete Wall
215467,ANCHOR_01,52:06:26:03:01:DA,-76,MFG_4C000215FDA50693A4E24FB1AFCFC6EB0764782500010002D8,1.0,Yes,Concrete Wall
217477,ANCHOR_01,52:06:26:03:01:DA,-86,MFG_4C000215FDA50693A4E24FB1AFCFC6EB0764782500010002D8,1.0,Yes,Concrete Wall
219487,ANCHOR_01,52:06:26:03:01:DA,-79,MFG_4C000215FDA50693A4E24FB1AFCFC6EB0764782500010002D8,1.0,Yes,Concrete Wall
220507,ANCHOR_01,52:06:26:03:01:DA,-75,MFG_4C000215FDA50693A4E24FB1AFCFC6EB0764782500010002D8,1.0,Yes,Concrete Wall
221497,ANCHOR_01,52:06:26:03:01:DA,-76,MFG_4C000215FDA50693A4E24FB1AFCFC6EB0764782500010002D8,1.0,Yes,Concrete Wall
222487,ANCHOR_01,52:06:26:03:01:DA,-79,MFG_4C000215FDA50693A4E24FB1AFCFC6EB0764782500010002D8,1.0,Yes,Concrete Wall
223507,ANCHOR_01,52:06:26:03:01:DA,-83,MFG_4C000215FDA50693A4E24FB1AFCFC6EB0764782500010002D8,1.0,Yes,Concrete Wall
224497,ANCHOR_01,52:06:26:03:01:DA,-84,MFG_4C000215FDA50693A4E24FB1AFCFC6EB0764782500010002D8,1.0,Yes,Concrete Wall
225517,ANCHOR_01,52:06:26:03:01:DA,-86,MFG_4C000215FDA50693A4E24FB1AFCFC6EB0764782500010002D8,1.0,Yes,Concrete Wall
226507,ANCHOR_01,52:06:26:03:01:DA,-90,MFG_4C000215FDA50693A4E24FB1AFCFC6EB0764782500010002D8,1.0,Yes,Concrete Wall
227527,ANCHOR_01,52:06:26:03:01:DA,-76,MFG_4C000215FDA50693A4E24FB1AFCFC6EB0764782500010002D8,1.0,Yes,Concrete Wall
228517,ANCHOR_01,52:06:26:03:01:DA,-77,MFG_4C000215FDA50693A4E24FB1AFCFC6EB0764782500010002D8,1.0,Yes,Concrete Wall
229537,ANCHOR_01,52:06:26:03:01:DA,-77,MFG_4C000215FDA50693A4E24FB1AFCFC6EB0764782500010002D8,1.0,Yes,Concrete Wall
230527,ANCHOR_01,52:06:26:03:01:DA,-82,MFG_4C000215FDA50693A4E24FB1AFCFC6EB0764782500010002D8,1.0,Yes,Concrete Wall
231547,ANCHOR_01,52:06:26:03:01:DA,-91,MFG_4C000215FDA50693A4E24FB1AFCFC6EB0764782500010002D8,1.0,Yes,Concrete Wall
232537,ANCHOR_01,52:06:26:03:01:DA,-87,MFG_4C000215FDA50693A4E24FB1AFCFC6EB0764782500010002D8,1.0,Yes,Concrete Wall
234547,ANCHOR_01,52:06:26:03:01:DA,-77,MFG_4C000215FDA50693A4E24FB1AFCFC6EB0764782500010002D8,1.0,Yes,Concrete Wall
236557,ANCHOR_01,52:06:26:03:01:DA,-84,MFG_4C000215FDA50693A4E24FB1AFCFC6EB0764782500010002D8,1.0,Yes,Concrete Wall
237577,ANCHOR_01,52:06:26:03:01:DA,-89,MFG_4C000215FDA50693A4E24FB1AFCFC6EB0764782500010002D8,1.0,Yes,Concrete Wall
238567,ANCHOR_01,52:06:26:03:01:DA,-87,MFG_4C000215FDA50693A4E24FB1AFCFC6EB0764782500010002D8,1.0,Yes,Concrete Wall
239587,ANCHOR_01,52:06:26:03:01:DA,-77,MFG_4C000215FDA50693A4E24FB1AFCFC6EB0764782500010002D8,1.0,Yes,Concrete Wall
240577,ANCHOR_01,52:06:26:03:01:DA,-77,MFG_4C000215FDA50693A4E24FB1AFCFC6EB0764782500010002D8,1.0,Yes,Concrete Wall
241597,ANCHOR_01,52:06:26:03:01:DA,-85,MFG_4C000215FDA50693A4E24FB1AFCFC6EB0764782500010002D8,1.0,Yes,Concrete Wall
242587,ANCHOR_01,52:06:26:03:01:DA,-85,MFG_4C000215FDA50693A4E24FB1AFCFC6EB0764782500010002D8,1.0,Yes,Concrete Wall
243607,ANCHOR_01,52:06:26:03:01:DA,-87,MFG_4C000215FDA50693A4E24FB1AFCFC6EB0764782500010002D8,1.0,Yes,Concrete Wall
244597,ANCHOR_01,52:06:26:03:01:DA,-87,MFG_4C000215FDA50693A4E24FB1AFCFC6EB0764782500010002D8,1.0,Yes,Concrete Wall
245617,ANCHOR_01,52:06:26:03:01:DA,-77,MFG_4C000215FDA50693A4E24FB1AFCFC6EB0764782500010002D8,1.0,Yes,Concrete Wall
247627,ANCHOR_01,52:06:26:03:01:DA,-84,MFG_4C000215FDA50693A4E24FB1AFCFC6EB0764782500010002D8,1.0,Yes,Concrete Wall
249637,ANCHOR_01,52:06:26:03:01:DA,-88,MFG_4C000215FDA50693A4E24FB1AFCFC6EB0764782500010002D8,1.0,Yes,Concrete Wall
250627,ANCHOR_01,52:06:26:03:01:DA,-89,MFG_4C000215FDA50693A4E24FB1AFCFC6EB0764782500010002D8,1.0,Yes,Concrete Wall
251647,ANCHOR_01,52:06:26:03:01:DA,-77,MFG_4C000215FDA50693A4E24FB1AFCFC6EB0764782500010002D8,1.0,Yes,Concrete Wall
252637,ANCHOR_01,52:06:26:03:01:DA,-77,MFG_4C000215FDA50693A4E24FB1AFCFC6EB0764782500010002D8,1.0,Yes,Concrete Wall
253657,ANCHOR_01,52:06:26:03:01:DA,-86,MFG_4C000215FDA50693A4E24FB1AFCFC6EB0764782500010002D8,1.0,Yes,Concrete Wall
254677,ANCHOR_01,52:06:26:03:01:DA,-88,MFG_4C000215FDA50693A4E24FB1AFCFC6EB0764782500010002D8,1.0,Yes,Concrete Wall
255667,ANCHOR_01,52:06:26:03:01:DA,-89,MFG_4C000215FDA50693A4E24FB1AFCFC6EB0764782500010002D8,1.0,Yes,Concrete Wall
256687,ANCHOR_01,52:06:26:03:01:DA,-77,MFG_4C000215FDA50693A4E24FB1AFCFC6EB0764782500010002D8,1.0,Yes,Concrete Wall
257677,ANCHOR_01,52:06:26:03:01:DA,-76,MFG_4C000215FDA50693A4E24FB1AFCFC6EB0764782500010002D8,1.0,Yes,Concrete Wall
258697,ANCHOR_01,52:06:26:03:01:DA,-84,MFG_4C000215FDA50693A4E24FB1AFCFC6EB0764782500010002D8,1.0,Yes,Concrete Wall
259687,ANCHOR_01,52:06:26:03:01:DA,-85,MFG_4C000215FDA50693A4E24FB1AFCFC6EB0764782500010002D8,1.0,Yes,Concrete Wall
260707,ANCHOR_01,52:06:26:03:01:DA,-90,MFG_4C000215FDA50693A4E24FB1AFCFC6EB0764782500010002D8,1.0,Yes,Concrete Wall
261697,ANCHOR_01,52:06:26:03:01:DA,-89,MFG_4C000215FDA50693A4E24FB1AFCFC6EB0764782500010002D8,1.0,Yes,Concrete Wall
262717,ANCHOR_01,52:06:26:03:01:DA,-76,MFG_4C000215FDA50693A4E24FB1AFCFC6EB0764782500010002D8,1.0,Yes,Concrete Wall
263707,ANCHOR_01,52:06:26:03:01:DA,-77,MFG_4C000215FDA50693A4E24FB1AFCFC6EB0764782500010002D8,1.0,Yes,Concrete Wall
264727,ANCHOR_01,52:06:26:03:01:DA,-85,MFG_4C000215FDA50693A4E24FB1AFCFC6EB0764782500010002D8,1.0,Yes,Concrete Wall
265717,ANCHOR_01,52:06:26:03:01:DA,-82,MFG_4C000215FDA50693A4E24FB1AFCFC6EB0764782500010002D8,1.0,Yes,Concrete Wall
266737,ANCHOR_01,52:06:26:03:01:DA,-83,MFG_4C000215FDA50693A4E24FB1AFCFC6EB0764782500010002D8,1.0,Yes,Concrete Wall
267727,ANCHOR_01,52:06:26:03:01:DA,-80,MFG_4C000215FDA50693A4E24FB1AFCFC6EB0764782500010002D8,1.0,Yes,Concrete Wall
268747,ANCHOR_01,52:06:26:03:01:DA,-74,MFG_4C000215FDA50693A4E24FB1AFCFC6EB0764782500010002D8,1.0,Yes,Concrete Wall
269737,ANCHOR_01,52:06:26:03:01:DA,-78,MFG_4C000215FDA50693A4E24FB1AFCFC6EB0764782500010002D8,1.0,Yes,Concrete Wall
270727,ANCHOR_01,52:06:26:03:01:DA,-78,MFG_4C000215FDA50693A4E24FB1AFCFC6EB0764782500010002D8,1.0,Yes,Concrete Wall
271747,ANCHOR_01,52:06:26:03:01:DA,-82,MFG_4C000215FDA50693A4E24FB1AFCFC6EB0764782500010002D8,1.0,Yes,Concrete Wall
272737,ANCHOR_01,52:06:26:03:01:DA,-79,MFG_4C000215FDA50693A4E24FB1AFCFC6EB0764782500010002D8,1.0,Yes,Concrete Wall
273757,ANCHOR_01,52:06:26:03:01:DA,-86,MFG_4C000215FDA50693A4E24FB1AFCFC6EB0764782500010002D8,1.0,Yes,Concrete Wall
274747,ANCHOR_01,52:06:26:03:01:DA,-84,MFG_4C000215FDA50693A4E24FB1AFCFC6EB0764782500010002D8,1.0,Yes,Concrete Wall
275767,ANCHOR_01,52:06:26:03:01:DA,-75,MFG_4C000215FDA50693A4E24FB1AFCFC6EB0764782500010002D8,1.0,Yes,Concrete Wall
276757,ANCHOR_01,52:06:26:03:01:DA,-78,MFG_4C000215FDA50693A4E24FB1AFCFC6EB0764782500010002D8,1.0,Yes,Concrete Wall
277777,ANCHOR_01,52:06:26:03:01:DA,-82,MFG_4C000215FDA50693A4E24FB1AFCFC6EB0764782500010002D8,1.0,Yes,Concrete Wall
279787,ANCHOR_01,52:06:26:03:01:DA,-86,MFG_4C000215FDA50693A4E24FB1AFCFC6EB0764782500010002D8,1.0,Yes,Concrete Wall
280807,ANCHOR_01,52:06:26:03:01:DA,-75,MFG_4C000215FDA50693A4E24FB1AFCFC6EB0764782500010002D8,1.0,Yes,Concrete Wall
281797,ANCHOR_01,52:06:26:03:01:DA,-76,MFG_4C000215FDA50693A4E24FB1AFCFC6EB0764782500010002D8,1.0,Yes,Concrete Wall
282817,ANCHOR_01,52:06:26:03:01:DA,-85,MFG_4C000215FDA50693A4E24FB1AFCFC6EB0764782500010002D8,1.0,Yes,Concrete Wall
283807,ANCHOR_01,52:06:26:03:01:DA,-85,MFG_4C000215FDA50693A4E24FB1AFCFC6EB0764782500010002D8,1.0,Yes,Concrete Wall
284827,ANCHOR_01,52:06:26:03:01:DA,-86,MFG_4C000215FDA50693A4E24FB1AFCFC6EB0764782500010002D8,1.0,Yes,Concrete Wall
285817,ANCHOR_01,52:06:26:03:01:DA,-86,MFG_4C000215FDA50693A4E24FB1AFCFC6EB0764782500010002D8,1.0,Yes,Concrete Wall
286807,ANCHOR_01,52:06:26:03:01:DA,-85,MFG_4C000215FDA50693A4E24FB1AFCFC6EB0764782500010002D8,1.0,Yes,Concrete Wall
287827,ANCHOR_01,52:06:26:03:01:DA,-76,MFG_4C000215FDA50693A4E24FB1AFCFC6EB0764782500010002D8,1.0,Yes,Concrete Wall
288817,ANCHOR_01,52:06:26:03:01:DA,-77,MFG_4C000215FDA50693A4E24FB1AFCFC6EB0764782500010002D8,1.0,Yes,Concrete Wall
289837,ANCHOR_01,52:06:26:03:01:DA,-85,MFG_4C000215FDA50693A4E24FB1AFCFC6EB0764782500010002D8,1.0,Yes,Concrete Wall
290827,ANCHOR_01,52:06:26:03:01:DA,-84,MFG_4C000215FDA50693A4E24FB1AFCFC6EB0764782500010002D8,1.0,Yes,Concrete Wall
291817,ANCHOR_01,52:06:26:03:01:DA,-85,MFG_4C000215FDA50693A4E24FB1AFCFC6EB0764782500010002D8,1.0,Yes,Concrete Wall
292837,ANCHOR_01,52:06:26:03:01:DA,-85,MFG_4C000215FDA50693A4E24FB1AFCFC6EB0764782500010002D8,1.0,Yes,Concrete Wall
293857,ANCHOR_01,52:06:26:03:01:DA,-76,MFG_4C000215FDA50693A4E24FB1AFCFC6EB0764782500010002D8,1.0,Yes,Concrete Wall
294847,ANCHOR_01,52:06:26:03:01:DA,-76,MFG_4C000215FDA50693A4E24FB1AFCFC6EB0764782500010002D8,1.0,Yes,Concrete Wall
295867,ANCHOR_01,52:06:26:03:01:DA,-86,MFG_4C000215FDA50693A4E24FB1AFCFC6EB0764782500010002D8,1.0,Yes,Concrete Wall
296857,ANCHOR_01,52:06:26:03:01:DA,-86,MFG_4C000215FDA50693A4E24FB1AFCFC6EB0764782500010002D8,1.0,Yes,Concrete Wall
297877,ANCHOR_01,52:06:26:03:01:DA,-85,MFG_4C000215FDA50693A4E24FB1AFCFC6EB0764782500010002D8,1.0,Yes,Concrete Wall
298867,ANCHOR_01,52:06:26:03:01:DA,-85,MFG_4C000215FDA50693A4E24FB1AFCFC6EB0764782500010002D8,1.0,Yes,Concrete Wall
299887,ANCHOR_01,52:06:26:03:01:DA,-76,MFG_4C000215FDA50693A4E24FB1AFCFC6EB0764782500010002D8,1.0,Yes,Concrete Wall
300877,ANCHOR_01,52:06:26:03:01:DA,-76,MFG_4C000215FDA50693A4E24FB1AFCFC6EB0764782500010002D8,1.0,Yes,Concrete Wall
301867,ANCHOR_01,52:06:26:03:01:DA,-76,MFG_4C000215FDA50693A4E24FB1AFCFC6EB0764782500010002D8,1.0,Yes,Concrete Wall
302887,ANCHOR_01,52:06:26:03:01:DA,-86,MFG_4C000215FDA50693A4E24FB1AFCFC6EB0764782500010002D8,1.0,Yes,Concrete Wall
303877,ANCHOR_01,52:06:26:03:01:DA,-85,MFG_4C000215FDA50693A4E24FB1AFCFC6EB0764782500010002D8,1.0,Yes,Concrete Wall
304897,ANCHOR_01,52:06:26:03:01:DA,-87,MFG_4C000215FDA50693A4E24FB1AFCFC6EB0764782500010002D8,1.0,Yes,Concrete Wall
305887,ANCHOR_01,52:06:26:03:01:DA,-87,MFG_4C000215FDA50693A4E24FB1AFCFC6EB0764782500010002D8,1.0,Yes,Concrete Wall
306907,ANCHOR_01,52:06:26:03:01:DA,-76,MFG_4C000215FDA50693A4E24FB1AFCFC6EB0764782500010002D8,1.0,Yes,Concrete Wall
307927,ANCHOR_01,52:06:26:03:01:DA,-86,MFG_4C000215FDA50693A4E24FB1AFCFC6EB0764782500010002D8,1.0,Yes,Concrete Wall
308917,ANCHOR_01,52:06:26:03:01:DA,-86,MFG_4C000215FDA50693A4E24FB1AFCFC6EB0764782500010002D8,1.0,Yes,Concrete Wall
309937,ANCHOR_01,52:06:26:03:01:DA,-97,MFG_4C000215FDA50693A4E24FB1AFCFC6EB0764782500010002D8,1.0,Yes,Concrete Wall
310927,ANCHOR_01,52:06:26:03:01:DA,-91,MFG_4C000215FDA50693A4E24FB1AFCFC6EB0764782500010002D8,1.0,Yes,Concrete Wall
311947,ANCHOR_01,52:06:26:03:01:DA,-76,MFG_4C000215FDA50693A4E24FB1AFCFC6EB0764782500010002D8,1.0,Yes,Concrete Wall
312937,ANCHOR_01,52:06:26:03:01:DA,-77,MFG_4C000215FDA50693A4E24FB1AFCFC6EB0764782500010002D8,1.0,Yes,Concrete Wall
313957,ANCHOR_01,52:06:26:03:01:DA,-85,MFG_4C000215FDA50693A4E24FB1AFCFC6EB0764782500010002D8,1.0,Yes,Concrete Wall
314947,ANCHOR_01,52:06:26:03:01:DA,-85,MFG_4C000215FDA50693A4E24FB1AFCFC6EB0764782500010002D8,1.0,Yes,Concrete Wall
315937,ANCHOR_01,52:06:26:03:01:DA,-85,MFG_4C000215FDA50693A4E24FB1AFCFC6EB0764782500010002D8,1.0,Yes,Concrete Wall
316957,ANCHOR_01,52:06:26:03:01:DA,-84,MFG_4C000215FDA50693A4E24FB1AFCFC6EB0764782500010002D8,1.0,Yes,Concrete Wall
317967,ANCHOR_01,52:06:26:03:01:DA,-77,MFG_4C000215FDA50693A4E24FB1AFCFC6EB0764782500010002D8,1.0,Yes,Concrete Wall
318967,ANCHOR_01,52:06:26:03:01:DA,-77,MFG_4C000215FDA50693A4E24FB1AFCFC6EB0764782500010002D8,1.0,Yes,Concrete Wall
320977,ANCHOR_01,52:06:26:03:01:DA,-86,MFG_4C000215FDA50693A4E24FB1AFCFC6EB0764782500010002D8,1.0,Yes,Concrete Wall
321967,ANCHOR_01,52:06:26:03:01:DA,-86,MFG_4C000215FDA50693A4E24FB1AFCFC6EB0764782500010002D8,1.0,Yes,Concrete Wall
322987,ANCHOR_01,52:06:26:03:01:DA,-88,MFG_4C000215FDA50693A4E24FB1AFCFC6EB0764782500010002D8,1.0,Yes,Concrete Wall
323977,ANCHOR_01,52:06:26:03:01:DA,-89,MFG_4C000215FDA50693A4E24FB1AFCFC6EB0764782500010002D8,1.0,Yes,Concrete Wall
324997,ANCHOR_01,52:06:26:03:01:DA,-76,MFG_4C000215FDA50693A4E24FB1AFCFC6EB0764782500010002D8,1.0,Yes,Concrete Wall
325987,ANCHOR_01,52:06:26:03:01:DA,-76,MFG_4C000215FDA50693A4E24FB1AFCFC6EB0764782500010002D8,1.0,Yes,Concrete Wall
327007,ANCHOR_01,52:06:26:03:01:DA,-91,MFG_4C000215FDA50693A4E24FB1AFCFC6EB0764782500010002D8,1.0,Yes,Concrete Wall
328027,ANCHOR_01,52:06:26:03:01:DA,-92,MFG_4C000215FDA50693A4E24FB1AFCFC6EB0764782500010002D8,1.0,Yes,Concrete Wall
329017,ANCHOR_01,52:06:26:03:01:DA,-91,MFG_4C000215FDA50693A4E24FB1AFCFC6EB0764782500010002D8,1.0,Yes,Concrete Wall
330037,ANCHOR_01,52:06:26:03:01:DA,-76,MFG_4C000215FDA50693A4E24FB1AFCFC6EB0764782500010002D8,1.0,Yes,Concrete Wall
331027,ANCHOR_01,52:06:26:03:01:DA,-76,MFG_4C000215FDA50693A4E24FB1AFCFC6EB0764782500010002D8,1.0,Yes,Concrete Wall
332047,ANCHOR_01,52:06:26:03:01:DA,-91,MFG_4C000215FDA50693A4E24FB1AFCFC6EB0764782500010002D8,1.0,Yes,Concrete Wall
333037,ANCHOR_01,52:06:26:03:01:DA,-91,MFG_4C000215FDA50693A4E24FB1AFCFC6EB0764782500010002D8,1.0,Yes,Concrete Wall
334057,ANCHOR_01,52:06:26:03:01:DA,-92,MFG_4C000215FDA50693A4E24FB1AFCFC6EB0764782500010002D8,1.0,Yes,Concrete Wall
335077,ANCHOR_01,52:06:26:03:01:DA,-76,MFG_4C000215FDA50693A4E24FB1AFCFC6EB0764782500010002D8,1.0,Yes,Concrete Wall
336067,ANCHOR_01,52:06:26:03:01:DA,-76,MFG_4C000215FDA50693A4E24FB1AFCFC6EB0764782500010002D8,1.0,Yes,Concrete Wall
337087,ANCHOR_01,52:06:26:03:01:DA,-92,MFG_4C000215FDA50693A4E24FB1AFCFC6EB0764782500010002D8,1.0,Yes,Concrete Wall
338077,ANCHOR_01,52:06:26:03:01:DA,-93,MFG_4C000215FDA50693A4E24FB1AFCFC6EB0764782500010002D8,1.0,Yes,Concrete Wall
339097,ANCHOR_01,52:06:26:03:01:DA,-90,MFG_4C000215FDA50693A4E24FB1AFCFC6EB0764782500010002D8,1.0,Yes,Concrete Wall
340087,ANCHOR_01,52:06:26:03:01:DA,-97,MFG_4C000215FDA50693A4E24FB1AFCFC6EB0764782500010002D8,1.0,Yes,Concrete Wall
341077,ANCHOR_01,52:06:26:03:01:DA,-91,MFG_4C000215FDA50693A4E24FB1AFCFC6EB0764782500010002D8,1.0,Yes,Concrete Wall
342097,ANCHOR_01,52:06:26:03:01:DA,-76,MFG_4C000215FDA50693A4E24FB1AFCFC6EB0764782500010002D8,1.0,Yes,Concrete Wall
343117,ANCHOR_01,52:06:26:03:01:DA,-89,MFG_4C000215FDA50693A4E24FB1AFCFC6EB0764782500010002D8,1.0,Yes,Concrete Wall
344107,ANCHOR_01,52:06:26:03:01:DA,-93,MFG_4C000215FDA50693A4E24FB1AFCFC6EB0764782500010002D8,1.0,Yes,Concrete Wall
345127,ANCHOR_01,52:06:26:03:01:DA,-88,MFG_4C000215FDA50693A4E24FB1AFCFC6EB0764782500010002D8,1.0,Yes,Concrete Wall
346117,ANCHOR_01,52:06:26:03:01:DA,-89,MFG_4C000215FDA50693A4E24FB1AFCFC6EB0764782500010002D8,1.0,Yes,Concrete Wall
347107,ANCHOR_01,52:06:26:03:01:DA,-94,MFG_4C000215FDA50693A4E24FB1AFCFC6EB0764782500010002D8,1.0,Yes,Concrete Wall
348127,ANCHOR_01,52:06:26:03:01:DA,-75,MFG_4C000215FDA50693A4E24FB1AFCFC6EB0764782500010002D8,1.0,Yes,Concrete Wall
349117,ANCHOR_01,52:06:26:03:01:DA,-75,MFG_4C000215FDA50693A4E24FB1AFCFC6EB0764782500010002D8,1.0,Yes,Concrete Wall
350137,ANCHOR_01,52:06:26:03:01:DA,-78,MFG_4C000215FDA50693A4E24FB1AFCFC6EB0764782500010002D8,1.0,Yes,Concrete Wall
351117,ANCHOR_01,52:06:26:03:01:DA,-90,MFG_4C000215FDA50693A4E24FB1AFCFC6EB0764782500010002D8,1.0,Yes,Concrete Wall
352127,ANCHOR_01,52:06:26:03:01:DA,-82,MFG_4C000215FDA50693A4E24FB1AFCFC6EB0764782500010002D8,1.0,Yes,Concrete Wall
353137,ANCHOR_01,52:06:26:03:01:DA,-81,MFG_4C000215FDA50693A4E24FB1AFCFC6EB0764782500010002D8,1.0,Yes,Concrete Wall
354147,ANCHOR_01,52:06:26:03:01:DA,-72,MFG_4C000215FDA50693A4E24FB1AFCFC6EB0764782500010002D8,1.0,Yes,Concrete Wall
355147,ANCHOR_01,52:06:26:03:01:DA,-76,MFG_4C000215FDA50693A4E24FB1AFCFC6EB0764782500010002D8,1.0,Yes,Concrete Wall
356167,ANCHOR_01,52:06:26:03:01:DA,-79,MFG_4C000215FDA50693A4E24FB1AFCFC6EB0764782500010002D8,1.0,Yes,Concrete Wall
358167,ANCHOR_01,52:06:26:03:01:DA,-88,MFG_4C000215FDA50693A4E24FB1AFCFC6EB0764782500010002D8,1.0,Yes,Concrete Wall
359167,ANCHOR_01,52:06:26:03:01:DA,-88,MFG_4C000215FDA50693A4E24FB1AFCFC6EB0764782500010002D8,1.0,Yes,Concrete Wall
360177,ANCHOR_01,52:06:26:03:01:DA,-78,MFG_4C000215FDA50693A4E24FB1AFCFC6EB0764782500010002D8,1.0,Yes,Concrete Wall
362187,ANCHOR_01,52:06:26:03:01:DA,-82,MFG_4C000215FDA50693A4E24FB1AFCFC6EB0764782500010002D8,1.0,Yes,Concrete Wall
363207,ANCHOR_01,52:06:26:03:01:DA,-78,MFG_4C000215FDA50693A4E24FB1AFCFC6EB0764782500010002D8,1.0,Yes,Concrete Wall
364187,ANCHOR_01,52:06:26:03:01:DA,-90,MFG_4C000215FDA50693A4E24FB1AFCFC6EB0764782500010002D8,1.0,Yes,Concrete Wall
366217,ANCHOR_01,52:06:26:03:01:DA,-75,MFG_4C000215FDA50693A4E24FB1AFCFC6EB0764782500010002D8,1.0,Yes,Concrete Wall
367207,ANCHOR_01,52:06:26:03:01:DA,-76,MFG_4C000215FDA50693A4E24FB1AFCFC6EB0764782500010002D8,1.0,Yes,Concrete Wall
368217,ANCHOR_01,52:06:26:03:01:DA,-77,MFG_4C000215FDA50693A4E24FB1AFCFC6EB0764782500010002D8,1.0,Yes,Concrete Wall
370217,ANCHOR_01,52:06:26:03:01:DA,-88,MFG_4C000215FDA50693A4E24FB1AFCFC6EB0764782500010002D8,1.0,Yes,Concrete Wall
372247,ANCHOR_01,52:06:26:03:01:DA,-78,MFG_4C000215FDA50693A4E24FB1AFCFC6EB0764782500010002D8,1.0,Yes,Concrete Wall
373227,ANCHOR_01,52:06:26:03:01:DA,-77,MFG_4C000215FDA50693A4E24FB1AFCFC6EB0764782500010002D8,1.0,Yes,Concrete Wall
374247,ANCHOR_01,52:06:26:03:01:DA,-81,MFG_4C000215FDA50693A4E24FB1AFCFC6EB0764782500010002D8,1.0,Yes,Concrete Wall
375247,ANCHOR_01,52:06:26:03:01:DA,-87,MFG_4C000215FDA50693A4E24FB1AFCFC6EB0764782500010002D8,1.0,Yes,Concrete Wall
376247,ANCHOR_01,52:06:26:03:01:DA,-94,MFG_4C000215FDA50693A4E24FB1AFCFC6EB0764782500010002D8,1.0,Yes,Concrete Wall
377247,ANCHOR_01,52:06:26:03:01:DA,-91,MFG_4C000215FDA50693A4E24FB1AFCFC6EB0764782500010002D8,1.0,Yes,Concrete Wall
378247,ANCHOR_01,52:06:26:03:01:DA,-77,MFG_4C000215FDA50693A4E24FB1AFCFC6EB0764782500010002D8,1.0,Yes,Concrete Wall
379257,ANCHOR_01,52:06:26:03:01:DA,-77,MFG_4C000215FDA50693A4E24FB1AFCFC6EB0764782500010002D8,1.0,Yes,Concrete Wall
380277,ANCHOR_01,52:06:26:03:01:DA,-81,MFG_4C000215FDA50693A4E24FB1AFCFC6EB0764782500010002D8,1.0,Yes,Concrete Wall
381257,ANCHOR_01,52:06:26:03:01:DA,-82,MFG_4C000215FDA50693A4E24FB1AFCFC6EB0764782500010002D8,1.0,Yes,Concrete Wall
382257,ANCHOR_01,52:06:26:03:01:DA,-81,MFG_4C000215FDA50693A4E24FB1AFCFC6EB0764782500010002D8,1.0,Yes,Concrete Wall
383287,ANCHOR_01,52:06:26:03:01:DA,-92,MFG_4C000215FDA50693A4E24FB1AFCFC6EB0764782500010002D8,1.0,Yes,Concrete Wall
384267,ANCHOR_01,52:06:26:03:01:DA,-92,MFG_4C000215FDA50693A4E24FB1AFCFC6EB0764782500010002D8,1.0,Yes,Concrete Wall
385277,ANCHOR_01,52:06:26:03:01:DA,-76,MFG_4C000215FDA50693A4E24FB1AFCFC6EB0764782500010002D8,1.0,Yes,Concrete Wall
387287,ANCHOR_01,52:06:26:03:01:DA,-87,MFG_4C000215FDA50693A4E24FB1AFCFC6EB0764782500010002D8,1.0,Yes,Concrete Wall
388287,ANCHOR_01,52:06:26:03:01:DA,-94,MFG_4C000215FDA50693A4E24FB1AFCFC6EB0764782500010002D8,1.0,Yes,Concrete Wall
389317,ANCHOR_01,52:06:26:03:01:DA,-81,MFG_4C000215FDA50693A4E24FB1AFCFC6EB0764782500010002D8,1.0,Yes,Concrete Wall
390317,ANCHOR_01,52:06:26:03:01:DA,-75,MFG_4C000215FDA50693A4E24FB1AFCFC6EB0764782500010002D8,1.0,Yes,Concrete Wall
391307,ANCHOR_01,52:06:26:03:01:DA,-78,MFG_4C000215FDA50693A4E24FB1AFCFC6EB0764782500010002D8,1.0,Yes,Concrete Wall
393317,ANCHOR_01,52:06:26:03:01:DA,-86,MFG_4C000215FDA50693A4E24FB1AFCFC6EB0764782500010002D8,1.0,Yes,Concrete Wall
394327,ANCHOR_01,52:06:26:03:01:DA,-83,MFG_4C000215FDA50693A4E24FB1AFCFC6EB0764782500010002D8,1.0,Yes,Concrete Wall
395347,ANCHOR_01,52:06:26:03:01:DA,-79,MFG_4C000215FDA50693A4E24FB1AFCFC6EB0764782500010002D8,1.0,Yes,Concrete Wall
396367,ANCHOR_01,52:06:26:03:01:DA,-76,MFG_4C000215FDA50693A4E24FB1AFCFC6EB0764782500010002D8,1.0,Yes,Concrete Wall
397357,ANCHOR_01,52:06:26:03:01:DA,-78,MFG_4C000215FDA50693A4E24FB1AFCFC6EB0764782500010002D8,1.0,Yes,Concrete Wall
398367,ANCHOR_01,52:06:26:03:01:DA,-82,MFG_4C000215FDA50693A4E24FB1AFCFC6EB0764782500010002D8,1.0,Yes,Concrete Wall
400347,ANCHOR_01,52:06:26:03:01:DA,-83,MFG_4C000215FDA50693A4E24FB1AFCFC6EB0764782500010002D8,1.0,Yes,Concrete Wall
401377,ANCHOR_01,52:06:26:03:01:DA,-84,MFG_4C000215FDA50693A4E24FB1AFCFC6EB0764782500010002D8,1.0,Yes,Concrete Wall
402357,ANCHOR_01,52:06:26:03:01:DA,-89,MFG_4C000215FDA50693A4E24FB1AFCFC6EB0764782500010002D8,1.0,Yes,Concrete Wall
403387,ANCHOR_01,52:06:26:03:01:DA,-78,MFG_4C000215FDA50693A4E24FB1AFCFC6EB0764782500010002D8,1.0,Yes,Concrete Wall
404377,ANCHOR_01,52:06:26:03:01:DA,-75,MFG_4C000215FDA50693A4E24FB1AFCFC6EB0764782500010002D8,1.0,Yes,Concrete Wall
405377,ANCHOR_01,52:06:26:03:01:DA,-80,MFG_4C000215FDA50693A4E24FB1AFCFC6EB0764782500010002D8,1.0,Yes,Concrete Wall
406377,ANCHOR_01,52:06:26:03:01:DA,-86,MFG_4C000215FDA50693A4E24FB1AFCFC6EB0764782500010002D8,1.0,Yes,Concrete Wall
407407,ANCHOR_01,52:06:26:03:01:DA,-82,MFG_4C000215FDA50693A4E24FB1AFCFC6EB0764782500010002D8,1.0,Yes,Concrete Wall
408387,ANCHOR_01,52:06:26:03:01:DA,-78,MFG_4C000215FDA50693A4E24FB1AFCFC6EB0764782500010002D8,1.0,Yes,Concrete Wall
409397,ANCHOR_01,52:06:26:03:01:DA,-80,MFG_4C000215FDA50693A4E24FB1AFCFC6EB0764782500010002D8,1.0,Yes,Concrete Wall
410407,ANCHOR_01,52:06:26:03:01:DA,-78,MFG_4C000215FDA50693A4E24FB1AFCFC6EB0764782500010002D8,1.0,Yes,Concrete Wall
411417,ANCHOR_01,52:06:26:03:01:DA,-78,MFG_4C000215FDA50693A4E24FB1AFCFC6EB0764782500010002D8,1.0,Yes,Concrete Wall
412407,ANCHOR_01,52:06:26:03:01:DA,-86,MFG_4C000215FDA50693A4E24FB1AFCFC6EB0764782500010002D8,1.0,Yes,Concrete Wall
413417,ANCHOR_01,52:06:26:03:01:DA,-81,MFG_4C000215FDA50693A4E24FB1AFCFC6EB0764782500010002D8,1.0,Yes,Concrete Wall
414417,ANCHOR_01,52:06:26:03:01:DA,-81,MFG_4C000215FDA50693A4E24FB1AFCFC6EB0764782500010002D8,1.0,Yes,Concrete Wall
415447,ANCHOR_01,52:06:26:03:01:DA,-77,MFG_4C000215FDA50693A4E24FB1AFCFC6EB0764782500010002D8,1.0,Yes,Concrete Wall
416437,ANCHOR_01,52:06:26:03:01:DA,-82,MFG_4C000215FDA50693A4E24FB1AFCFC6EB0764782500010002D8,1.0,Yes,Concrete Wall
417437,ANCHOR_01,52:06:26:03:01:DA,-80,MFG_4C000215FDA50693A4E24FB1AFCFC6EB0764782500010002D8,1.0,Yes,Concrete Wall
418447,ANCHOR_01,52:06:26:03:01:DA,-79,MFG_4C000215FDA50693A4E24FB1AFCFC6EB0764782500010002D8,1.0,Yes,Concrete Wall
419467,ANCHOR_01,52:06:26:03:01:DA,-82,MFG_4C000215FDA50693A4E24FB1AFCFC6EB0764782500010002D8,1.0,Yes,Concrete Wall
420447,ANCHOR_01,52:06:26:03:01:DA,-83,MFG_4C000215FDA50693A4E24FB1AFCFC6EB0764782500010002D8,1.0,Yes,Concrete Wall
421477,ANCHOR_01,52:06:26:03:01:DA,-78,MFG_4C000215FDA50693A4E24FB1AFCFC6EB0764782500010002D8,1.0,Yes,Concrete Wall
422477,ANCHOR_01,52:06:26:03:01:DA,-78,MFG_4C000215FDA50693A4E24FB1AFCFC6EB0764782500010002D8,1.0,Yes,Concrete Wall
423487,ANCHOR_01,52:06:26:03:01:DA,-81,MFG_4C000215FDA50693A4E24FB1AFCFC6EB0764782500010002D8,1.0,Yes,Concrete Wall
424507,ANCHOR_01,52:06:26:03:01:DA,-78,MFG_4C000215FDA50693A4E24FB1AFCFC6EB0764782500010002D8,1.0,Yes,Concrete Wall
425497,ANCHOR_01,52:06:26:03:01:DA,-91,MFG_4C000215FDA50693A4E24FB1AFCFC6EB0764782500010002D8,1.0,Yes,Concrete Wall
427507,ANCHOR_01,52:06:26:03:01:DA,-77,MFG_4C000215FDA50693A4E24FB1AFCFC6EB0764782500010002D8,1.0,Yes,Concrete Wall
428487,ANCHOR_01,52:06:26:03:01:DA,-76,MFG_4C000215FDA50693A4E24FB1AFCFC6EB0764782500010002D8,1.0,Yes,Concrete Wall
429497,ANCHOR_01,52:06:26:03:01:DA,-89,MFG_4C000215FDA50693A4E24FB1AFCFC6EB0764782500010002D8,1.0,Yes,Concrete Wall
430507,ANCHOR_01,52:06:26:03:01:DA,-84,MFG_4C000215FDA50693A4E24FB1AFCFC6EB0764782500010002D8,1.0,Yes,Concrete Wall
431507,ANCHOR_01,52:06:26:03:01:DA,-89,MFG_4C000215FDA50693A4E24FB1AFCFC6EB0764782500010002D8,1.0,Yes,Concrete Wall
432507,ANCHOR_01,52:06:26:03:01:DA,-91,MFG_4C000215FDA50693A4E24FB1AFCFC6EB0764782500010002D8,1.0,Yes,Concrete Wall
433507,ANCHOR_01,52:06:26:03:01:DA,-77,MFG_4C000215FDA50693A4E24FB1AFCFC6EB0764782500010002D8,1.0,Yes,Concrete Wall
434517,ANCHOR_01,52:06:26:03:01:DA,-76,MFG_4C000215FDA50693A4E24FB1AFCFC6EB0764782500010002D8,1.0,Yes,Concrete Wall
436527,ANCHOR_01,52:06:26:03:01:DA,-81,MFG_4C000215FDA50693A4E24FB1AFCFC6EB0764782500010002D8,1.0,Yes,Concrete Wall
437537,ANCHOR_01,52:06:26:03:01:DA,-81,MFG_4C000215FDA50693A4E24FB1AFCFC6EB0764782500010002D8,1.0,Yes,Concrete Wall
439567,ANCHOR_01,52:06:26:03:01:DA,-75,MFG_4C000215FDA50693A4E24FB1AFCFC6EB0764782500010002D8,1.0,Yes,Concrete Wall
441577,ANCHOR_01,52:06:26:03:01:DA,-81,MFG_4C000215FDA50693A4E24FB1AFCFC6EB0764782500010002D8,1.0,Yes,Concrete Wall
442567,ANCHOR_01,52:06:26:03:01:DA,-85,MFG_4C000215FDA50693A4E24FB1AFCFC6EB0764782500010002D8,1.0,Yes,Concrete Wall
443577,ANCHOR_01,52:06:26:03:01:DA,-80,MFG_4C000215FDA50693A4E24FB1AFCFC6EB0764782500010002D8,1.0,Yes,Concrete Wall
444577,ANCHOR_01,52:06:26:03:01:DA,-82,MFG_4C000215FDA50693A4E24FB1AFCFC6EB0764782500010002D8,1.0,Yes,Concrete Wall
445597,ANCHOR_01,52:06:26:03:01:DA,-76,MFG_4C000215FDA50693A4E24FB1AFCFC6EB0764782500010002D8,1.0,Yes,Concrete Wall
447587,ANCHOR_01,52:06:26:03:01:DA,-85,MFG_4C000215FDA50693A4E24FB1AFCFC6EB0764782500010002D8,1.0,Yes,Concrete Wall
449617,ANCHOR_01,52:06:26:03:01:DA,-83,MFG_4C000215FDA50693A4E24FB1AFCFC6EB0764782500010002D8,1.0,Yes,Concrete Wall
451627,ANCHOR_01,52:06:26:03:01:DA,-76,MFG_4C000215FDA50693A4E24FB1AFCFC6EB0764782500010002D8,1.0,Yes,Concrete Wall
452637,ANCHOR_01,52:06:26:03:01:DA,-82,MFG_4C000215FDA50693A4E24FB1AFCFC6EB0764782500010002D8,1.0,Yes,Concrete Wall
453627,ANCHOR_01,52:06:26:03:01:DA,-79,MFG_4C000215FDA50693A4E24FB1AFCFC6EB0764782500010002D8,1.0,Yes,Concrete Wall
454637,ANCHOR_01,52:06:26:03:01:DA,-86,MFG_4C000215FDA50693A4E24FB1AFCFC6EB0764782500010002D8,1.0,Yes,Concrete Wall
455637,ANCHOR_01,52:06:26:03:01:DA,-90,MFG_4C000215FDA50693A4E24FB1AFCFC6EB0764782500010002D8,1.0,Yes,Concrete Wall
456667,ANCHOR_01,52:06:26:03:01:DA,-76,MFG_4C000215FDA50693A4E24FB1AFCFC6EB0764782500010002D8,1.0,Yes,Concrete Wall
457657,ANCHOR_01,52:06:26:03:01:DA,-76,MFG_4C000215FDA50693A4E24FB1AFCFC6EB0764782500010002D8,1.0,Yes,Concrete Wall
458677,ANCHOR_01,52:06:26:03:01:DA,-84,MFG_4C000215FDA50693A4E24FB1AFCFC6EB0764782500010002D8,1.0,Yes,Concrete Wall
459667,ANCHOR_01,52:06:26:03:01:DA,-84,MFG_4C000215FDA50693A4E24FB1AFCFC6EB0764782500010002D8,1.0,Yes,Concrete Wall
460687,ANCHOR_01,52:06:26:03:01:DA,-88,MFG_4C000215FDA50693A4E24FB1AFCFC6EB0764782500010002D8,1.0,Yes,Concrete Wall
461677,ANCHOR_01,52:06:26:03:01:DA,-88,MFG_4C000215FDA50693A4E24FB1AFCFC6EB0764782500010002D8,1.0,Yes,Concrete Wall
463687,ANCHOR_01,52:06:26:03:01:DA,-76,MFG_4C000215FDA50693A4E24FB1AFCFC6EB0764782500010002D8,1.0,Yes,Concrete Wall
464677,ANCHOR_01,52:06:26:03:01:DA,-78,MFG_4C000215FDA50693A4E24FB1AFCFC6EB0764782500010002D8,1.0,Yes,Concrete Wall
465697,ANCHOR_01,52:06:26:03:01:DA,-84,MFG_4C000215FDA50693A4E24FB1AFCFC6EB0764782500010002D8,1.0,Yes,Concrete Wall
466687,ANCHOR_01,52:06:26:03:01:DA,-83,MFG_4C000215FDA50693A4E24FB1AFCFC6EB0764782500010002D8,1.0,Yes,Concrete Wall
467707,ANCHOR_01,52:06:26:03:01:DA,-88,MFG_4C000215FDA50693A4E24FB1AFCFC6EB0764782500010002D8,1.0,Yes,Concrete Wall
468697,ANCHOR_01,52:06:26:03:01:DA,-88,MFG_4C000215FDA50693A4E24FB1AFCFC6EB0764782500010002D8,1.0,Yes,Concrete Wall
469717,ANCHOR_01,52:06:26:03:01:DA,-77,MFG_4C000215FDA50693A4E24FB1AFCFC6EB0764782500010002D8,1.0,Yes,Concrete Wall
470707,ANCHOR_01,52:06:26:03:01:DA,-77,MFG_4C000215FDA50693A4E24FB1AFCFC6EB0764782500010002D8,1.0,Yes,Concrete Wall
471727,ANCHOR_01,52:06:26:03:01:DA,-83,MFG_4C000215FDA50693A4E24FB1AFCFC6EB0764782500010002D8,1.0,Yes,Concrete Wall
472717,ANCHOR_01,52:06:26:03:01:DA,-83,MFG_4C000215FDA50693A4E24FB1AFCFC6EB0764782500010002D8,1.0,Yes,Concrete Wall
473737,ANCHOR_01,52:06:26:03:01:DA,-88,MFG_4C000215FDA50693A4E24FB1AFCFC6EB0764782500010002D8,1.0,Yes,Concrete Wall
474727,ANCHOR_01,52:06:26:03:01:DA,-88,MFG_4C000215FDA50693A4E24FB1AFCFC6EB0764782500010002D8,1.0,Yes,Concrete Wall
475747,ANCHOR_01,52:06:26:03:01:DA,-77,MFG_4C000215FDA50693A4E24FB1AFCFC6EB0764782500010002D8,1.0,Yes,Concrete Wall
476737,ANCHOR_01,52:06:26:03:01:DA,-77,MFG_4C000215FDA50693A4E24FB1AFCFC6EB0764782500010002D8,1.0,Yes,Concrete Wall
477757,ANCHOR_01,52:06:26:03:01:DA,-84,MFG_4C000215FDA50693A4E24FB1AFCFC6EB0764782500010002D8,1.0,Yes,Concrete Wall
478747,ANCHOR_01,52:06:26:03:01:DA,-83,MFG_4C000215FDA50693A4E24FB1AFCFC6EB0764782500010002D8,1.0,Yes,Concrete Wall
479767,ANCHOR_01,52:06:26:03:01:DA,-87,MFG_4C000215FDA50693A4E24FB1AFCFC6EB0764782500010002D8,1.0,Yes,Concrete Wall
480757,ANCHOR_01,52:06:26:03:01:DA,-87,MFG_4C000215FDA50693A4E24FB1AFCFC6EB0764782500010002D8,1.0,Yes,Concrete Wall
481747,ANCHOR_01,52:06:26:03:01:DA,-86,MFG_4C000215FDA50693A4E24FB1AFCFC6EB0764782500010002D8,1.0,Yes,Concrete Wall
482767,ANCHOR_01,52:06:26:03:01:DA,-77,MFG_4C000215FDA50693A4E24FB1AFCFC6EB0764782500010002D8,1.0,Yes,Concrete Wall
483757,ANCHOR_01,52:06:26:03:01:DA,-77,MFG_4C000215FDA50693A4E24FB1AFCFC6EB0764782500010002D8,1.0,Yes,Concrete Wall
484777,ANCHOR_01,52:06:26:03:01:DA,-83,MFG_4C000215FDA50693A4E24FB1AFCFC6EB0764782500010002D8,1.0,Yes,Concrete Wall
485797,ANCHOR_01,52:06:26:03:01:DA,-87,MFG_4C000215FDA50693A4E24FB1AFCFC6EB0764782500010002D8,1.0,Yes,Concrete Wall
486787,ANCHOR_01,52:06:26:03:01:DA,-89,MFG_4C000215FDA50693A4E24FB1AFCFC6EB0764782500010002D8,1.0,Yes,Concrete Wall
487807,ANCHOR_01,52:06:26:03:01:DA,-76,MFG_4C000215FDA50693A4E24FB1AFCFC6EB0764782500010002D8,1.0,Yes,Concrete Wall
488797,ANCHOR_01,52:06:26:03:01:DA,-76,MFG_4C000215FDA50693A4E24FB1AFCFC6EB0764782500010002D8,1.0,Yes,Concrete Wall
489817,ANCHOR_01,52:06:26:03:01:DA,-86,MFG_4C000215FDA50693A4E24FB1AFCFC6EB0764782500010002D8,1.0,Yes,Concrete Wall
490807,ANCHOR_01,52:06:26:03:01:DA,-85,MFG_4C000215FDA50693A4E24FB1AFCFC6EB0764782500010002D8,1.0,Yes,Concrete Wall
491827,ANCHOR_01,52:06:26:03:01:DA,-88,MFG_4C000215FDA50693A4E24FB1AFCFC6EB0764782500010002D8,1.0,Yes,Concrete Wall
492817,ANCHOR_01,52:06:26:03:01:DA,-89,MFG_4C000215FDA50693A4E24FB1AFCFC6EB0764782500010002D8,1.0,Yes,Concrete Wall
493837,ANCHOR_01,52:06:26:03:01:DA,-76,MFG_4C000215FDA50693A4E24FB1AFCFC6EB0764782500010002D8,1.0,Yes,Concrete Wall
494827,ANCHOR_01,52:06:26:03:01:DA,-76,MFG_4C000215FDA50693A4E24FB1AFCFC6EB0764782500010002D8,1.0,Yes,Concrete Wall
495847,ANCHOR_01,52:06:26:03:01:DA,-83,MFG_4C000215FDA50693A4E24FB1AFCFC6EB0764782500010002D8,1.0,Yes,Concrete Wall
496837,ANCHOR_01,52:06:26:03:01:DA,-83,MFG_4C000215FDA50693A4E24FB1AFCFC6EB0764782500010002D8,1.0,Yes,Concrete Wall
497857,ANCHOR_01,52:06:26:03:01:DA,-91,MFG_4C000215FDA50693A4E24FB1AFCFC6EB0764782500010002D8,1.0,Yes,Concrete Wall
498847,ANCHOR_01,52:06:26:03:01:DA,-89,MFG_4C000215FDA50693A4E24FB1AFCFC6EB0764782500010002D8,1.0,Yes,Concrete Wall
499867,ANCHOR_01,52:06:26:03:01:DA,-77,MFG_4C000215FDA50693A4E24FB1AFCFC6EB0764782500010002D8,1.0,Yes,Concrete Wall
501877,ANCHOR_01,52:06:26:03:01:DA,-82,MFG_4C000215FDA50693A4E24FB1AFCFC6EB0764782500010002D8,1.0,Yes,Concrete Wall
502867,ANCHOR_01,52:06:26:03:01:DA,-84,MFG_4C000215FDA50693A4E24FB1AFCFC6EB0764782500010002D8,1.0,Yes,Concrete Wall
503887,ANCHOR_01,52:06:26:03:01:DA,-88,MFG_4C000215FDA50693A4E24FB1AFCFC6EB0764782500010002D8,1.0,Yes,Concrete Wall
505897,ANCHOR_01,52:06:26:03:01:DA,-76,MFG_4C000215FDA50693A4E24FB1AFCFC6EB0764782500010002D8,1.0,Yes,Concrete Wall
506887,ANCHOR_01,52:06:26:03:01:DA,-77,MFG_4C000215FDA50693A4E24FB1AFCFC6EB0764782500010002D8,1.0,Yes,Concrete Wall
507907,ANCHOR_01,52:06:26:03:01:DA,-84,MFG_4C000215FDA50693A4E24FB1AFCFC6EB0764782500010002D8,1.0,Yes,Concrete Wall
508897,ANCHOR_01,52:06:26:03:01:DA,-84,MFG_4C000215FDA50693A4E24FB1AFCFC6EB0764782500010002D8,1.0,Yes,Concrete Wall
509917,ANCHOR_01,52:06:26:03:01:DA,-88,MFG_4C000215FDA50693A4E24FB1AFCFC6EB0764782500010002D8,1.0,Yes,Concrete Wall
510907,ANCHOR_01,52:06:26:03:01:DA,-86,MFG_4C000215FDA50693A4E24FB1AFCFC6EB0764782500010002D8,1.0,Yes,Concrete Wall
511927,ANCHOR_01,52:06:26:03:01:DA,-76,MFG_4C000215FDA50693A4E24FB1AFCFC6EB0764782500010002D8,1.0,Yes,Concrete Wall
512917,ANCHOR_01,52:06:26:03:01:DA,-76,MFG_4C000215FDA50693A4E24FB1AFCFC6EB0764782500010002D8,1.0,Yes,Concrete Wall
513937,ANCHOR_01,52:06:26:03:01:DA,-83,MFG_4C000215FDA50693A4E24FB1AFCFC6EB0764782500010002D8,1.0,Yes,Concrete Wall
514927,ANCHOR_01,52:06:26:03:01:DA,-85,MFG_4C000215FDA50693A4E24FB1AFCFC6EB0764782500010002D8,1.0,Yes,Concrete Wall
515947,ANCHOR_01,52:06:26:03:01:DA,-87,MFG_4C000215FDA50693A4E24FB1AFCFC6EB0764782500010002D8,1.0,Yes,Concrete Wall
516937,ANCHOR_01,52:06:26:03:01:DA,-87,MFG_4C000215FDA50693A4E24FB1AFCFC6EB0764782500010002D8,1.0,Yes,Concrete Wall
517957,ANCHOR_01,52:06:26:03:01:DA,-76,MFG_4C000215FDA50693A4E24FB1AFCFC6EB0764782500010002D8,1.0,Yes,Concrete Wall
518947,ANCHOR_01,52:06:26:03:01:DA,-76,MFG_4C000215FDA50693A4E24FB1AFCFC6EB0764782500010002D8,1.0,Yes,Concrete Wall
519967,ANCHOR_01,52:06:26:03:01:DA,-85,MFG_4C000215FDA50693A4E24FB1AFCFC6EB0764782500010002D8,1.0,Yes,Concrete Wall
520957,ANCHOR_01,52:06:26:03:01:DA,-85,MFG_4C000215FDA50693A4E24FB1AFCFC6EB0764782500010002D8,1.0,Yes,Concrete Wall
521977,ANCHOR_01,52:06:26:03:01:DA,-89,MFG_4C000215FDA50693A4E24FB1AFCFC6EB0764782500010002D8,1.0,Yes,Concrete Wall
522967,ANCHOR_01,52:06:26:03:01:DA,-90,MFG_4C000215FDA50693A4E24FB1AFCFC6EB0764782500010002D8,1.0,Yes,Concrete Wall
523987,ANCHOR_01,52:06:26:03:01:DA,-76,MFG_4C000215FDA50693A4E24FB1AFCFC6EB0764782500010002D8,1.0,Yes,Concrete Wall
524977,ANCHOR_01,52:06:26:03:01:DA,-77,MFG_4C000215FDA50693A4E24FB1AFCFC6EB0764782500010002D8,1.0,Yes,Concrete Wall
525997,ANCHOR_01,52:06:26:03:01:DA,-85,MFG_4C000215FDA50693A4E24FB1AFCFC6EB0764782500010002D8,1.0,Yes,Concrete Wall
526987,ANCHOR_01,52:06:26:03:01:DA,-85,MFG_4C000215FDA50693A4E24FB1AFCFC6EB0764782500010002D8,1.0,Yes,Concrete Wall
528007,ANCHOR_01,52:06:26:03:01:DA,-90,MFG_4C000215FDA50693A4E24FB1AFCFC6EB0764782500010002D8,1.0,Yes,Concrete Wall
528997,ANCHOR_01,52:06:26:03:01:DA,-88,MFG_4C000215FDA50693A4E24FB1AFCFC6EB0764782500010002D8,1.0,Yes,Concrete Wall
530017,ANCHOR_01,52:06:26:03:01:DA,-77,MFG_4C000215FDA50693A4E24FB1AFCFC6EB0764782500010002D8,1.0,Yes,Concrete Wall
532027,ANCHOR_01,52:06:26:03:01:DA,-86,MFG_4C000215FDA50693A4E24FB1AFCFC6EB0764782500010002D8,1.0,Yes,Concrete Wall
534037,ANCHOR_01,52:06:26:03:01:DA,-89,MFG_4C000215FDA50693A4E24FB1AFCFC6EB0764782500010002D8,1.0,Yes,Concrete Wall
535027,ANCHOR_01,52:06:26:03:01:DA,-90,MFG_4C000215FDA50693A4E24FB1AFCFC6EB0764782500010002D8,1.0,Yes,Concrete Wall
536047,ANCHOR_01,52:06:26:03:01:DA,-76,MFG_4C000215FDA50693A4E24FB1AFCFC6EB0764782500010002D8,1.0,Yes,Concrete Wall
537037,ANCHOR_01,52:06:26:03:01:DA,-76,MFG_4C000215FDA50693A4E24FB1AFCFC6EB0764782500010002D8,1.0,Yes,Concrete Wall
538057,ANCHOR_01,52:06:26:03:01:DA,-84,MFG_4C000215FDA50693A4E24FB1AFCFC6EB0764782500010002D8,1.0,Yes,Concrete Wall
539047,ANCHOR_01,52:06:26:03:01:DA,-85,MFG_4C000215FDA50693A4E24FB1AFCFC6EB0764782500010002D8,1.0,Yes,Concrete Wall
540067,ANCHOR_01,52:06:26:03:01:DA,-87,MFG_4C000215FDA50693A4E24FB1AFCFC6EB0764782500010002D8,1.0,Yes,Concrete Wall
541057,ANCHOR_01,52:06:26:03:01:DA,-87,MFG_4C000215FDA50693A4E24FB1AFCFC6EB0764782500010002D8,1.0,Yes,Concrete Wall
542077,ANCHOR_01,52:06:26:03:01:DA,-76,MFG_4C000215FDA50693A4E24FB1AFCFC6EB0764782500010002D8,1.0,Yes,Concrete Wall
543067,ANCHOR_01,52:06:26:03:01:DA,-76,MFG_4C000215FDA50693A4E24FB1AFCFC6EB0764782500010002D8,1.0,Yes,Concrete Wall
544087,ANCHOR_01,52:06:26:03:01:DA,-83,MFG_4C000215FDA50693A4E24FB1AFCFC6EB0764782500010002D8,1.0,Yes,Concrete Wall
545077,ANCHOR_01,52:06:26:03:01:DA,-83,MFG_4C000215FDA50693A4E24FB1AFCFC6EB0764782500010002D8,1.0,Yes,Concrete Wall
546097,ANCHOR_01,52:06:26:03:01:DA,-89,MFG_4C000215FDA50693A4E24FB1AFCFC6EB0764782500010002D8,1.0,Yes,Concrete Wall
547087,ANCHOR_01,52:06:26:03:01:DA,-90,MFG_4C000215FDA50693A4E24FB1AFCFC6EB0764782500010002D8,1.0,Yes,Concrete Wall
548107,ANCHOR_01,52:06:26:03:01:DA,-76,MFG_4C000215FDA50693A4E24FB1AFCFC6EB0764782500010002D8,1.0,Yes,Concrete Wall
549097,ANCHOR_01,52:06:26:03:01:DA,-77,MFG_4C000215FDA50693A4E24FB1AFCFC6EB0764782500010002D8,1.0,Yes,Concrete Wall
550117,ANCHOR_01,52:06:26:03:01:DA,-85,MFG_4C000215FDA50693A4E24FB1AFCFC6EB0764782500010002D8,1.0,Yes,Concrete Wall
551107,ANCHOR_01,52:06:26:03:01:DA,-85,MFG_4C000215FDA50693A4E24FB1AFCFC6EB0764782500010002D8,1.0,Yes,Concrete Wall
552127,ANCHOR_01,52:06:26:03:01:DA,-90,MFG_4C000215FDA50693A4E24FB1AFCFC6EB0764782500010002D8,1.0,Yes,Concrete Wall
553117,ANCHOR_01,52:06:26:03:01:DA,-88,MFG_4C000215FDA50693A4E24FB1AFCFC6EB0764782500010002D8,1.0,Yes,Concrete Wall
554137,ANCHOR_01,52:06:26:03:01:DA,-76,MFG_4C000215FDA50693A4E24FB1AFCFC6EB0764782500010002D8,1.0,Yes,Concrete Wall
555127,ANCHOR_01,52:06:26:03:01:DA,-76,MFG_4C000215FDA50693A4E24FB1AFCFC6EB0764782500010002D8,1.0,Yes,Concrete Wall
556147,ANCHOR_01,52:06:26:03:01:DA,-83,MFG_4C000215FDA50693A4E24FB1AFCFC6EB0764782500010002D8,1.0,Yes,Concrete Wall
557137,ANCHOR_01,52:06:26:03:01:DA,-84,MFG_4C000215FDA50693A4E24FB1AFCFC6EB0764782500010002D8,1.0,Yes,Concrete Wall
559147,ANCHOR_01,52:06:26:03:01:DA,-88,MFG_4C000215FDA50693A4E24FB1AFCFC6EB0764782500010002D8,1.0,Yes,Concrete Wall
560167,ANCHOR_01,52:06:26:03:01:DA,-77,MFG_4C000215FDA50693A4E24FB1AFCFC6EB0764782500010002D8,1.0,Yes,Concrete Wall
561157,ANCHOR_01,52:06:26:03:01:DA,-76,MFG_4C000215FDA50693A4E24FB1AFCFC6EB0764782500010002D8,1.0,Yes,Concrete Wall
562177,ANCHOR_01,52:06:26:03:01:DA,-81,MFG_4C000215FDA50693A4E24FB1AFCFC6EB0764782500010002D8,1.0,Yes,Concrete Wall
563167,ANCHOR_01,52:06:26:03:01:DA,-84,MFG_4C000215FDA50693A4E24FB1AFCFC6EB0764782500010002D8,1.0,Yes,Concrete Wall
564187,ANCHOR_01,52:06:26:03:01:DA,-88,MFG_4C000215FDA50693A4E24FB1AFCFC6EB0764782500010002D8,1.0,Yes,Concrete Wall
565177,ANCHOR_01,52:06:26:03:01:DA,-89,MFG_4C000215FDA50693A4E24FB1AFCFC6EB0764782500010002D8,1.0,Yes,Concrete Wall
566197,ANCHOR_01,52:06:26:03:01:DA,-76,MFG_4C000215FDA50693A4E24FB1AFCFC6EB0764782500010002D8,1.0,Yes,Concrete Wall
568207,ANCHOR_01,52:06:26:03:01:DA,-83,MFG_4C000215FDA50693A4E24FB1AFCFC6EB0764782500010002D8,1.0,Yes,Concrete Wall
569197,ANCHOR_01,52:06:26:03:01:DA,-83,MFG_4C000215FDA50693A4E24FB1AFCFC6EB0764782500010002D8,1.0,Yes,Concrete Wall
570217,ANCHOR_01,52:06:26:03:01:DA,-86,MFG_4C000215FDA50693A4E24FB1AFCFC6EB0764782500010002D8,1.0,Yes,Concrete Wall
571207,ANCHOR_01,52:06:26:03:01:DA,-85,MFG_4C000215FDA50693A4E24FB1AFCFC6EB0764782500010002D8,1.0,Yes,Concrete Wall
572227,ANCHOR_01,52:06:26:03:01:DA,-76,MFG_4C000215FDA50693A4E24FB1AFCFC6EB0764782500010002D8,1.0,Yes,Concrete Wall
573217,ANCHOR_01,52:06:26:03:01:DA,-76,MFG_4C000215FDA50693A4E24FB1AFCFC6EB0764782500010002D8,1.0,Yes,Concrete Wall
574237,ANCHOR_01,52:06:26:03:01:DA,-82,MFG_4C000215FDA50693A4E24FB1AFCFC6EB0764782500010002D8,1.0,Yes,Concrete Wall
575227,ANCHOR_01,52:06:26:03:01:DA,-83,MFG_4C000215FDA50693A4E24FB1AFCFC6EB0764782500010002D8,1.0,Yes,Concrete Wall
576247,ANCHOR_01,52:06:26:03:01:DA,-85,MFG_4C000215FDA50693A4E24FB1AFCFC6EB0764782500010002D8,1.0,Yes,Concrete Wall
577237,ANCHOR_01,52:06:26:03:01:DA,-85,MFG_4C000215FDA50693A4E24FB1AFCFC6EB0764782500010002D8,1.0,Yes,Concrete Wall
578257,ANCHOR_01,52:06:26:03:01:DA,-77,MFG_4C000215FDA50693A4E24FB1AFCFC6EB0764782500010002D8,1.0,Yes,Concrete Wall
579247,ANCHOR_01,52:06:26:03:01:DA,-76,MFG_4C000215FDA50693A4E24FB1AFCFC6EB0764782500010002D8,1.0,Yes,Concrete Wall
580267,ANCHOR_01,52:06:26:03:01:DA,-82,MFG_4C000215FDA50693A4E24FB1AFCFC6EB0764782500010002D8,1.0,Yes,Concrete Wall
581257,ANCHOR_01,52:06:26:03:01:DA,-83,MFG_4C000215FDA50693A4E24FB1AFCFC6EB0764782500010002D8,1.0,Yes,Concrete Wall
582277,ANCHOR_01,52:06:26:03:01:DA,-85,MFG_4C000215FDA50693A4E24FB1AFCFC6EB0764782500010002D8,1.0,Yes,Concrete Wall
583267,ANCHOR_01,52:06:26:03:01:DA,-86,MFG_4C000215FDA50693A4E24FB1AFCFC6EB0764782500010002D8,1.0,Yes,Concrete Wall
584287,ANCHOR_01,52:06:26:03:01:DA,-76,MFG_4C000215FDA50693A4E24FB1AFCFC6EB0764782500010002D8,1.0,Yes,Concrete Wall
585277,ANCHOR_01,52:06:26:03:01:DA,-77,MFG_4C000215FDA50693A4E24FB1AFCFC6EB0764782500010002D8,1.0,Yes,Concrete Wall
586267,ANCHOR_01,52:06:26:03:01:DA,-77,MFG_4C000215FDA50693A4E24FB1AFCFC6EB0764782500010002D8,1.0,Yes,Concrete Wall
587287,ANCHOR_01,52:06:26:03:01:DA,-81,MFG_4C000215FDA50693A4E24FB1AFCFC6EB0764782500010002D8,1.0,Yes,Concrete Wall
588307,ANCHOR_01,52:06:26:03:01:DA,-87,MFG_4C000215FDA50693A4E24FB1AFCFC6EB0764782500010002D8,1.0,Yes,Concrete Wall
589297,ANCHOR_01,52:06:26:03:01:DA,-87,MFG_4C000215FDA50693A4E24FB1AFCFC6EB0764782500010002D8,1.0,Yes,Concrete Wall
590317,ANCHOR_01,52:06:26:03:01:DA,-77,MFG_4C000215FDA50693A4E24FB1AFCFC6EB0764782500010002D8,1.0,Yes,Concrete Wall
591307,ANCHOR_01,52:06:26:03:01:DA,-76,MFG_4C000215FDA50693A4E24FB1AFCFC6EB0764782500010002D8,1.0,Yes,Concrete Wall
592327,ANCHOR_01,52:06:26:03:01:DA,-82,MFG_4C000215FDA50693A4E24FB1AFCFC6EB0764782500010002D8,1.0,Yes,Concrete Wall
593317,ANCHOR_01,52:06:26:03:01:DA,-83,MFG_4C000215FDA50693A4E24FB1AFCFC6EB0764782500010002D8,1.0,Yes,Concrete Wall
594307,ANCHOR_01,52:06:26:03:01:DA,-83,MFG_4C000215FDA50693A4E24FB1AFCFC6EB0764782500010002D8,1.0,Yes,Concrete Wall
595327,ANCHOR_01,52:06:26:03:01:DA,-87,MFG_4C000215FDA50693A4E24FB1AFCFC6EB0764782500010002D8,1.0,Yes,Concrete Wall
596317,ANCHOR_01,52:06:26:03:01:DA,-87,MFG_4C000215FDA50693A4E24FB1AFCFC6EB0764782500010002D8,1.0,Yes,Concrete Wall
597337,ANCHOR_01,52:06:26:03:01:DA,-77,MFG_4C000215FDA50693A4E24FB1AFCFC6EB0764782500010002D8,1.0,Yes,Concrete Wall
598327,ANCHOR_01,52:06:26:03:01:DA,-77,MFG_4C000215FDA50693A4E24FB1AFCFC6EB0764782500010002D8,1.0,Yes,Concrete Wall
599347,ANCHOR_01,52:06:26:03:01:DA,-82,MFG_4C000215FDA50693A4E24FB1AFCFC6EB0764782500010002D8,1.0,Yes,Concrete Wall
600337,ANCHOR_01,52:06:26:03:01:DA,-83,MFG_4C000215FDA50693A4E24FB1AFCFC6EB0764782500010002D8,1.0,Yes,Concrete Wall
601357,ANCHOR_01,52:06:26:03:01:DA,-87,MFG_4C000215FDA50693A4E24FB1AFCFC6EB0764782500010002D8,1.0,Yes,Concrete Wall
602347,ANCHOR_01,52:06:26:03:01:DA,-87,MFG_4C000215FDA50693A4E24FB1AFCFC6EB0764782500010002D8,1.0,Yes,Concrete Wall
603367,ANCHOR_01,52:06:26:03:01:DA,-76,MFG_4C000215FDA50693A4E24FB1AFCFC6EB0764782500010002D8,1.0,Yes,Concrete Wall
604357,ANCHOR_01,52:06:26:03:01:DA,-77,MFG_4C000215FDA50693A4E24FB1AFCFC6EB0764782500010002D8,1.0,Yes,Concrete Wall
605377,ANCHOR_01,52:06:26:03:01:DA,-82,MFG_4C000215FDA50693A4E24FB1AFCFC6EB0764782500010002D8,1.0,Yes,Concrete Wall
606367,ANCHOR_01,52:06:26:03:01:DA,-82,MFG_4C000215FDA50693A4E24FB1AFCFC6EB0764782500010002D8,1.0,Yes,Concrete Wall
607387,ANCHOR_01,52:06:26:03:01:DA,-87,MFG_4C000215FDA50693A4E24FB1AFCFC6EB0764782500010002D8,1.0,Yes,Concrete Wall
608407,ANCHOR_01,52:06:26:03:01:DA,-76,MFG_4C000215FDA50693A4E24FB1AFCFC6EB0764782500010002D8,1.0,Yes,Concrete Wall
609397,ANCHOR_01,52:06:26:03:01:DA,-76,MFG_4C000215FDA50693A4E24FB1AFCFC6EB0764782500010002D8,1.0,Yes,Concrete Wall
610387,ANCHOR_01,52:06:26:03:01:DA,-76,MFG_4C000215FDA50693A4E24FB1AFCFC6EB0764782500010002D8,1.0,Yes,Concrete Wall
611407,ANCHOR_01,52:06:26:03:01:DA,-84,MFG_4C000215FDA50693A4E24FB1AFCFC6EB0764782500010002D8,1.0,Yes,Concrete Wall
612397,ANCHOR_01,52:06:26:03:01:DA,-85,MFG_4C000215FDA50693A4E24FB1AFCFC6EB0764782500010002D8,1.0,Yes,Concrete Wall
613417,ANCHOR_01,52:06:26:03:01:DA,-86,MFG_4C000215FDA50693A4E24FB1AFCFC6EB0764782500010002D8,1.0,Yes,Concrete Wall
614407,ANCHOR_01,52:06:26:03:01:DA,-86,MFG_4C000215FDA50693A4E24FB1AFCFC6EB0764782500010002D8,1.0,Yes,Concrete Wall
615427,ANCHOR_01,52:06:26:03:01:DA,-77,MFG_4C000215FDA50693A4E24FB1AFCFC6EB0764782500010002D8,1.0,Yes,Concrete Wall
616417,ANCHOR_01,52:06:26:03:01:DA,-77,MFG_4C000215FDA50693A4E24FB1AFCFC6EB0764782500010002D8,1.0,Yes,Concrete Wall
617437,ANCHOR_01,52:06:26:03:01:DA,-82,MFG_4C000215FDA50693A4E24FB1AFCFC6EB0764782500010002D8,1.0,Yes,Concrete Wall
618427,ANCHOR_01,52:06:26:03:01:DA,-83,MFG_4C000215FDA50693A4E24FB1AFCFC6EB0764782500010002D8,1.0,Yes,Concrete Wall
619447,ANCHOR_01,52:06:26:03:01:DA,-87,MFG_4C000215FDA50693A4E24FB1AFCFC6EB0764782500010002D8,1.0,Yes,Concrete Wall
620437,ANCHOR_01,52:06:26:03:01:DA,-88,MFG_4C000215FDA50693A4E24FB1AFCFC6EB0764782500010002D8,1.0,Yes,Concrete Wall
621457,ANCHOR_01,52:06:26:03:01:DA,-76,MFG_4C000215FDA50693A4E24FB1AFCFC6EB0764782500010002D8,1.0,Yes,Concrete Wall
622447,ANCHOR_01,52:06:26:03:01:DA,-77,MFG_4C000215FDA50693A4E24FB1AFCFC6EB0764782500010002D8,1.0,Yes,Concrete Wall
623467,ANCHOR_01,52:06:26:03:01:DA,-85,MFG_4C000215FDA50693A4E24FB1AFCFC6EB0764782500010002D8,1.0,Yes,Concrete Wall
625477,ANCHOR_01,52:06:26:03:01:DA,-89,MFG_4C000215FDA50693A4E24FB1AFCFC6EB0764782500010002D8,1.0,Yes,Concrete Wall
626467,ANCHOR_01,52:06:26:03:01:DA,-87,MFG_4C000215FDA50693A4E24FB1AFCFC6EB0764782500010002D8,1.0,Yes,Concrete Wall
627487,ANCHOR_01,52:06:26:03:01:DA,-77,MFG_4C000215FDA50693A4E24FB1AFCFC6EB0764782500010002D8,1.0,Yes,Concrete Wall
628477,ANCHOR_01,52:06:26:03:01:DA,-77,MFG_4C000215FDA50693A4E24FB1AFCFC6EB0764782500010002D8,1.0,Yes,Concrete Wall
629497,ANCHOR_01,52:06:26:03:01:DA,-84,MFG_4C000215FDA50693A4E24FB1AFCFC6EB0764782500010002D8,1.0,Yes,Concrete Wall
630487,ANCHOR_01,52:06:26:03:01:DA,-84,MFG_4C000215FDA50693A4E24FB1AFCFC6EB0764782500010002D8,1.0,Yes,Concrete Wall
631507,ANCHOR_01,52:06:26:03:01:DA,-87,MFG_4C000215FDA50693A4E24FB1AFCFC6EB0764782500010002D8,1.0,Yes,Concrete Wall
632497,ANCHOR_01,52:06:26:03:01:DA,-87,MFG_4C000215FDA50693A4E24FB1AFCFC6EB0764782500010002D8,1.0,Yes,Concrete Wall
633517,ANCHOR_01,52:06:26:03:01:DA,-76,MFG_4C000215FDA50693A4E24FB1AFCFC6EB0764782500010002D8,1.0,Yes,Concrete Wall
634507,ANCHOR_01,52:06:26:03:01:DA,-76,MFG_4C000215FDA50693A4E24FB1AFCFC6EB0764782500010002D8,1.0,Yes,Concrete Wall
636517,ANCHOR_01,52:06:26:03:01:DA,-86,MFG_4C000215FDA50693A4E24FB1AFCFC6EB0764782500010002D8,1.0,Yes,Concrete Wall
637537,ANCHOR_01,52:06:26:03:01:DA,-88,MFG_4C000215FDA50693A4E24FB1AFCFC6EB0764782500010002D8,1.0,Yes,Concrete Wall
638527,ANCHOR_01,52:06:26:03:01:DA,-89,MFG_4C000215FDA50693A4E24FB1AFCFC6EB0764782500010002D8,1.0,Yes,Concrete Wall
640537,ANCHOR_01,52:06:26:03:01:DA,-76,MFG_4C000215FDA50693A4E24FB1AFCFC6EB0764782500010002D8,1.0,Yes,Concrete Wall
641527,ANCHOR_01,52:06:26:03:01:DA,-77,MFG_4C000215FDA50693A4E24FB1AFCFC6EB0764782500010002D8,1.0,Yes,Concrete Wall
642547,ANCHOR_01,52:06:26:03:01:DA,-84,MFG_4C000215FDA50693A4E24FB1AFCFC6EB0764782500010002D8,1.0,Yes,Concrete Wall
643537,ANCHOR_01,52:06:26:03:01:DA,-85,MFG_4C000215FDA50693A4E24FB1AFCFC6EB0764782500010002D8,1.0,Yes,Concrete Wall
644557,ANCHOR_01,52:06:26:03:01:DA,-89,MFG_4C000215FDA50693A4E24FB1AFCFC6EB0764782500010002D8,1.0,Yes,Concrete Wall
645547,ANCHOR_01,52:06:26:03:01:DA,-89,MFG_4C000215FDA50693A4E24FB1AFCFC6EB0764782500010002D8,1.0,Yes,Concrete Wall
646567,ANCHOR_01,52:06:26:03:01:DA,-77,MFG_4C000215FDA50693A4E24FB1AFCFC6EB0764782500010002D8,1.0,Yes,Concrete Wall
647557,ANCHOR_01,52:06:26:03:01:DA,-77,MFG_4C000215FDA50693A4E24FB1AFCFC6EB0764782500010002D8,1.0,Yes,Concrete Wall
649567,ANCHOR_01,52:06:26:03:01:DA,-84,MFG_4C000215FDA50693A4E24FB1AFCFC6EB0764782500010002D8,1.0,Yes,Concrete Wall
651577,ANCHOR_01,52:06:26:03:01:DA,-91,MFG_4C000215FDA50693A4E24FB1AFCFC6EB0764782500010002D8,1.0,Yes,Concrete Wall
652567,ANCHOR_01,52:06:26:03:01:DA,-89,MFG_4C000215FDA50693A4E24FB1AFCFC6EB0764782500010002D8,1.0,Yes,Concrete Wall
653587,ANCHOR_01,52:06:26:03:01:DA,-77,MFG_4C000215FDA50693A4E24FB1AFCFC6EB0764782500010002D8,1.0,Yes,Concrete Wall
654577,ANCHOR_01,52:06:26:03:01:DA,-77,MFG_4C000215FDA50693A4E24FB1AFCFC6EB0764782500010002D8,1.0,Yes,Concrete Wall
655597,ANCHOR_01,52:06:26:03:01:DA,-82,MFG_4C000215FDA50693A4E24FB1AFCFC6EB0764782500010002D8,1.0,Yes,Concrete Wall
656587,ANCHOR_01,52:06:26:03:01:DA,-83,MFG_4C000215FDA50693A4E24FB1AFCFC6EB0764782500010002D8,1.0,Yes,Concrete Wall
657607,ANCHOR_01,52:06:26:03:01:DA,-86,MFG_4C000215FDA50693A4E24FB1AFCFC6EB0764782500010002D8,1.0,Yes,Concrete Wall
658597,ANCHOR_01,52:06:26:03:01:DA,-85,MFG_4C000215FDA50693A4E24FB1AFCFC6EB0764782500010002D8,1.0,Yes,Concrete Wall
659617,ANCHOR_01,52:06:26:03:01:DA,-78,MFG_4C000215FDA50693A4E24FB1AFCFC6EB0764782500010002D8,1.0,Yes,Concrete Wall
660637,ANCHOR_01,52:06:26:03:01:DA,-82,MFG_4C000215FDA50693A4E24FB1AFCFC6EB0764782500010002D8,1.0,Yes,Concrete Wall
661627,ANCHOR_01,52:06:26:03:01:DA,-82,MFG_4C000215FDA50693A4E24FB1AFCFC6EB0764782500010002D8,1.0,Yes,Concrete Wall
662647,ANCHOR_01,52:06:26:03:01:DA,-85,MFG_4C000215FDA50693A4E24FB1AFCFC6EB0764782500010002D8,1.0,Yes,Concrete Wall
663637,ANCHOR_01,52:06:26:03:01:DA,-85,MFG_4C000215FDA50693A4E24FB1AFCFC6EB0764782500010002D8,1.0,Yes,Concrete Wall
664657,ANCHOR_01,52:06:26:03:01:DA,-77,MFG_4C000215FDA50693A4E24FB1AFCFC6EB0764782500010002D8,1.0,Yes,Concrete Wall
665647,ANCHOR_01,52:06:26:03:01:DA,-77,MFG_4C000215FDA50693A4E24FB1AFCFC6EB0764782500010002D8,1.0,Yes,Concrete Wall
666637,ANCHOR_01,52:06:26:03:01:DA,-77,MFG_4C000215FDA50693A4E24FB1AFCFC6EB0764782500010002D8,1.0,Yes,Concrete Wall
667657,ANCHOR_01,52:06:26:03:01:DA,-81,MFG_4C000215FDA50693A4E24FB1AFCFC6EB0764782500010002D8,1.0,Yes,Concrete Wall
668647,ANCHOR_01,52:06:26:03:01:DA,-82,MFG_4C000215FDA50693A4E24FB1AFCFC6EB0764782500010002D8,1.0,Yes,Concrete Wall
669667,ANCHOR_01,52:06:26:03:01:DA,-85,MFG_4C000215FDA50693A4E24FB1AFCFC6EB0764782500010002D8,1.0,Yes,Concrete Wall
670657,ANCHOR_01,52:06:26:03:01:DA,-87,MFG_4C000215FDA50693A4E24FB1AFCFC6EB0764782500010002D8,1.0,Yes,Concrete Wall
671677,ANCHOR_01,52:06:26:03:01:DA,-77,MFG_4C000215FDA50693A4E24FB1AFCFC6EB0764782500010002D8,1.0,Yes,Concrete Wall
673687,ANCHOR_01,52:06:26:03:01:DA,-83,MFG_4C000215FDA50693A4E24FB1AFCFC6EB0764782500010002D8,1.0,Yes,Concrete Wall
675697,ANCHOR_01,52:06:26:03:01:DA,-88,MFG_4C000215FDA50693A4E24FB1AFCFC6EB0764782500010002D8,1.0,Yes,Concrete Wall
676717,ANCHOR_01,52:06:26:03:01:DA,-76,MFG_4C000215FDA50693A4E24FB1AFCFC6EB0764782500010002D8,1.0,Yes,Concrete Wall
677707,ANCHOR_01,52:06:26:03:01:DA,-77,MFG_4C000215FDA50693A4E24FB1AFCFC6EB0764782500010002D8,1.0,Yes,Concrete Wall
678727,ANCHOR_01,52:06:26:03:01:DA,-84,MFG_4C000215FDA50693A4E24FB1AFCFC6EB0764782500010002D8,1.0,Yes,Concrete Wall
679717,ANCHOR_01,52:06:26:03:01:DA,-83,MFG_4C000215FDA50693A4E24FB1AFCFC6EB0764782500010002D8,1.0,Yes,Concrete Wall
680737,ANCHOR_01,52:06:26:03:01:DA,-87,MFG_4C000215FDA50693A4E24FB1AFCFC6EB0764782500010002D8,1.0,Yes,Concrete Wall
681727,ANCHOR_01,52:06:26:03:01:DA,-87,MFG_4C000215FDA50693A4E24FB1AFCFC6EB0764782500010002D8,1.0,Yes,Concrete Wall
682747,ANCHOR_01,52:06:26:03:01:DA,-76,MFG_4C000215FDA50693A4E24FB1AFCFC6EB0764782500010002D8,1.0,Yes,Concrete Wall
684757,ANCHOR_01,52:06:26:03:01:DA,-85,MFG_4C000215FDA50693A4E24FB1AFCFC6EB0764782500010002D8,1.0,Yes,Concrete Wall
686767,ANCHOR_01,52:06:26:03:01:DA,-88,MFG_4C000215FDA50693A4E24FB1AFCFC6EB0764782500010002D8,1.0,Yes,Concrete Wall
687757,ANCHOR_01,52:06:26:03:01:DA,-88,MFG_4C000215FDA50693A4E24FB1AFCFC6EB0764782500010002D8,1.0,Yes,Concrete Wall
688777,ANCHOR_01,52:06:26:03:01:DA,-78,MFG_4C000215FDA50693A4E24FB1AFCFC6EB0764782500010002D8,1.0,Yes,Concrete Wall
689767,ANCHOR_01,52:06:26:03:01:DA,-77,MFG_4C000215FDA50693A4E24FB1AFCFC6EB0764782500010002D8,1.0,Yes,Concrete Wall
691777,ANCHOR_01,52:06:26:03:01:DA,-84,MFG_4C000215FDA50693A4E24FB1AFCFC6EB0764782500010002D8,1.0,Yes,Concrete Wall
692797,ANCHOR_01,52:06:26:03:01:DA,-88,MFG_4C000215FDA50693A4E24FB1AFCFC6EB0764782500010002D8,1.0,Yes,Concrete Wall
693787,ANCHOR_01,52:06:26:03:01:DA,-88,MFG_4C000215FDA50693A4E24FB1AFCFC6EB0764782500010002D8,1.0,Yes,Concrete Wall
695797,ANCHOR_01,52:06:26:03:01:DA,-77,MFG_4C000215FDA50693A4E24FB1AFCFC6EB0764782500010002D8,1.0,Yes,Concrete Wall
696787,ANCHOR_01,52:06:26:03:01:DA,-76,MFG_4C000215FDA50693A4E24FB1AFCFC6EB0764782500010002D8,1.0,Yes,Concrete Wall
697807,ANCHOR_01,52:06:26:03:01:DA,-85,MFG_4C000215FDA50693A4E24FB1AFCFC6EB0764782500010002D8,1.0,Yes,Concrete Wall
698827,ANCHOR_01,52:06:26:03:01:DA,-89,MFG_4C000215FDA50693A4E24FB1AFCFC6EB0764782500010002D8,1.0,Yes,Concrete Wall
699817,ANCHOR_01,52:06:26:03:01:DA,-89,MFG_4C000215FDA50693A4E24FB1AFCFC6EB0764782500010002D8,1.0,Yes,Concrete Wall
700837,ANCHOR_01,52:06:26:03:01:DA,-77,MFG_4C000215FDA50693A4E24FB1AFCFC6EB0764782500010002D8,1.0,Yes,Concrete Wall
701827,ANCHOR_01,52:06:26:03:01:DA,-76,MFG_4C000215FDA50693A4E24FB1AFCFC6EB0764782500010002D8,1.0,Yes,Concrete Wall
703837,ANCHOR_01,52:06:26:03:01:DA,-85,MFG_4C000215FDA50693A4E24FB1AFCFC6EB0764782500010002D8,1.0,Yes,Concrete Wall
704827,ANCHOR_01,52:06:26:03:01:DA,-84,MFG_4C000215FDA50693A4E24FB1AFCFC6EB0764782500010002D8,1.0,Yes,Concrete Wall
705847,ANCHOR_01,52:06:26:03:01:DA,-87,MFG_4C000215FDA50693A4E24FB1AFCFC6EB0764782500010002D8,1.0,Yes,Concrete Wall
707857,ANCHOR_01,52:06:26:03:01:DA,-77,MFG_4C000215FDA50693A4E24FB1AFCFC6EB0764782500010002D8,1.0,Yes,Concrete Wall
708877,ANCHOR_01,52:06:26:03:01:DA,-84,MFG_4C000215FDA50693A4E24FB1AFCFC6EB0764782500010002D8,1.0,Yes,Concrete Wall
709867,ANCHOR_01,52:06:26:03:01:DA,-85,MFG_4C000215FDA50693A4E24FB1AFCFC6EB0764782500010002D8,1.0,Yes,Concrete Wall
710887,ANCHOR_01,52:06:26:03:01:DA,-88,MFG_4C000215FDA50693A4E24FB1AFCFC6EB0764782500010002D8,1.0,Yes,Concrete Wall
711877,ANCHOR_01,52:06:26:03:01:DA,-88,MFG_4C000215FDA50693A4E24FB1AFCFC6EB0764782500010002D8,1.0,Yes,Concrete Wall
712897,ANCHOR_01,52:06:26:03:01:DA,-77,MFG_4C000215FDA50693A4E24FB1AFCFC6EB0764782500010002D8,1.0,Yes,Concrete Wall
713887,ANCHOR_01,52:06:26:03:01:DA,-77,MFG_4C000215FDA50693A4E24FB1AFCFC6EB0764782500010002D8,1.0,Yes,Concrete Wall
715897,ANCHOR_01,52:06:26:03:01:DA,-83,MFG_4C000215FDA50693A4E24FB1AFCFC6EB0764782500010002D8,1.0,Yes,Concrete Wall
716887,ANCHOR_01,52:06:26:03:01:DA,-84,MFG_4C000215FDA50693A4E24FB1AFCFC6EB0764782500010002D8,1.0,Yes,Concrete Wall
717907,ANCHOR_01,52:06:26:03:01:DA,-87,MFG_4C000215FDA50693A4E24FB1AFCFC6EB0764782500010002D8,1.0,Yes,Concrete Wall
719917,ANCHOR_01,52:06:26:03:01:DA,-76,MFG_4C000215FDA50693A4E24FB1AFCFC6EB0764782500010002D8,1.0,Yes,Concrete Wall
721927,ANCHOR_01,52:06:26:03:01:DA,-84,MFG_4C000215FDA50693A4E24FB1AFCFC6EB0764782500010002D8,1.0,Yes,Concrete Wall
722947,ANCHOR_01,52:06:26:03:01:DA,-87,MFG_4C000215FDA50693A4E24FB1AFCFC6EB0764782500010002D8,1.0,Yes,Concrete Wall
723937,ANCHOR_01,52:06:26:03:01:DA,-87,MFG_4C000215FDA50693A4E24FB1AFCFC6EB0764782500010002D8,1.0,Yes,Concrete Wall
725947,ANCHOR_01,52:06:26:03:01:DA,-76,MFG_4C000215FDA50693A4E24FB1AFCFC6EB0764782500010002D8,1.0,Yes,Concrete Wall
726967,ANCHOR_01,52:06:26:03:01:DA,-84,MFG_4C000215FDA50693A4E24FB1AFCFC6EB0764782500010002D8,1.0,Yes,Concrete Wall
727957,ANCHOR_01,52:06:26:03:01:DA,-84,MFG_4C000215FDA50693A4E24FB1AFCFC6EB0764782500010002D8,1.0,Yes,Concrete Wall
728947,ANCHOR_01,52:06:26:03:01:DA,-84,MFG_4C000215FDA50693A4E24FB1AFCFC6EB0764782500010002D8,1.0,Yes,Concrete Wall
729967,ANCHOR_01,52:06:26:03:01:DA,-87,MFG_4C000215FDA50693A4E24FB1AFCFC6EB0764782500010002D8,1.0,Yes,Concrete Wall
730957,ANCHOR_01,52:06:26:03:01:DA,-88,MFG_4C000215FDA50693A4E24FB1AFCFC6EB0764782500010002D8,1.0,Yes,Concrete Wall
731977,ANCHOR_01,52:06:26:03:01:DA,-76,MFG_4C000215FDA50693A4E24FB1AFCFC6EB0764782500010002D8,1.0,Yes,Concrete Wall
733987,ANCHOR_01,52:06:26:03:01:DA,-83,MFG_4C000215FDA50693A4E24FB1AFCFC6EB0764782500010002D8,1.0,Yes,Concrete Wall
734977,ANCHOR_01,52:06:26:03:01:DA,-84,MFG_4C000215FDA50693A4E24FB1AFCFC6EB0764782500010002D8,1.0,Yes,Concrete Wall
735997,ANCHOR_01,52:06:26:03:01:DA,-88,MFG_4C000215FDA50693A4E24FB1AFCFC6EB0764782500010002D8,1.0,Yes,Concrete Wall
736987,ANCHOR_01,52:06:26:03:01:DA,-87,MFG_4C000215FDA50693A4E24FB1AFCFC6EB0764782500010002D8,1.0,Yes,Concrete Wall
738007,ANCHOR_01,52:06:26:03:01:DA,-77,MFG_4C000215FDA50693A4E24FB1AFCFC6EB0764782500010002D8,1.0,Yes,Concrete Wall
738997,ANCHOR_01,52:06:26:03:01:DA,-77,MFG_4C000215FDA50693A4E24FB1AFCFC6EB0764782500010002D8,1.0,Yes,Concrete Wall
740017,ANCHOR_01,52:06:26:03:01:DA,-82,MFG_4C000215FDA50693A4E24FB1AFCFC6EB0764782500010002D8,1.0,Yes,Concrete Wall
741007,ANCHOR_01,52:06:26:03:01:DA,-83,MFG_4C000215FDA50693A4E24FB1AFCFC6EB0764782500010002D8,1.0,Yes,Concrete Wall
742027,ANCHOR_01,52:06:26:03:01:DA,-88,MFG_4C000215FDA50693A4E24FB1AFCFC6EB0764782500010002D8,1.0,Yes,Concrete Wall
743017,ANCHOR_01,52:06:26:03:01:DA,-88,MFG_4C000215FDA50693A4E24FB1AFCFC6EB0764782500010002D8,1.0,Yes,Concrete Wall
744037,ANCHOR_01,52:06:26:03:01:DA,-77,MFG_4C000215FDA50693A4E24FB1AFCFC6EB0764782500010002D8,1.0,Yes,Concrete Wall
745027,ANCHOR_01,52:06:26:03:01:DA,-77,MFG_4C000215FDA50693A4E24FB1AFCFC6EB0764782500010002D8,1.0,Yes,Concrete Wall
746047,ANCHOR_01,52:06:26:03:01:DA,-83,MFG_4C000215FDA50693A4E24FB1AFCFC6EB0764782500010002D8,1.0,Yes,Concrete Wall
747037,ANCHOR_01,52:06:26:03:01:DA,-83,MFG_4C000215FDA50693A4E24FB1AFCFC6EB0764782500010002D8,1.0,Yes,Concrete Wall
748057,ANCHOR_01,52:06:26:03:01:DA,-88,MFG_4C000215FDA50693A4E24FB1AFCFC6EB0764782500010002D8,1.0,Yes,Concrete Wall
750067,ANCHOR_01,52:06:26:03:01:DA,-77,MFG_4C000215FDA50693A4E24FB1AFCFC6EB0764782500010002D8,1.0,Yes,Concrete Wall
751087,ANCHOR_01,52:06:26:03:01:DA,-83,MFG_4C000215FDA50693A4E24FB1AFCFC6EB0764782500010002D8,1.0,Yes,Concrete Wall
752077,ANCHOR_01,52:06:26:03:01:DA,-82,MFG_4C000215FDA50693A4E24FB1AFCFC6EB0764782500010002D8,1.0,Yes,Concrete Wall
753097,ANCHOR_01,52:06:26:03:01:DA,-87,MFG_4C000215FDA50693A4E24FB1AFCFC6EB0764782500010002D8,1.0,Yes,Concrete Wall
754087,ANCHOR_01,52:06:26:03:01:DA,-89,MFG_4C000215FDA50693A4E24FB1AFCFC6EB0764782500010002D8,1.0,Yes,Concrete Wall
755107,ANCHOR_01,52:06:26:03:01:DA,-77,MFG_4C000215FDA50693A4E24FB1AFCFC6EB0764782500010002D8,1.0,Yes,Concrete Wall
756097,ANCHOR_01,52:06:26:03:01:DA,-77,MFG_4C000215FDA50693A4E24FB1AFCFC6EB0764782500010002D8,1.0,Yes,Concrete Wall
758107,ANCHOR_01,52:06:26:03:01:DA,-83,MFG_4C000215FDA50693A4E24FB1AFCFC6EB0764782500010002D8,1.0,Yes,Concrete Wall
759127,ANCHOR_01,52:06:26:03:01:DA,-88,MFG_4C000215FDA50693A4E24FB1AFCFC6EB0764782500010002D8,1.0,Yes,Concrete Wall
760117,ANCHOR_01,52:06:26:03:01:DA,-87,MFG_4C000215FDA50693A4E24FB1AFCFC6EB0764782500010002D8,1.0,Yes,Concrete Wall
761137,ANCHOR_01,52:06:26:03:01:DA,-77,MFG_4C000215FDA50693A4E24FB1AFCFC6EB0764782500010002D8,1.0,Yes,Concrete Wall
762157,ANCHOR_01,52:06:26:03:01:DA,-83,MFG_4C000215FDA50693A4E24FB1AFCFC6EB0764782500010002D8,1.0,Yes,Concrete Wall
763147,ANCHOR_01,52:06:26:03:01:DA,-83,MFG_4C000215FDA50693A4E24FB1AFCFC6EB0764782500010002D8,1.0,Yes,Concrete Wall
764137,ANCHOR_01,52:06:26:03:01:DA,-83,MFG_4C000215FDA50693A4E24FB1AFCFC6EB0764782500010002D8,1.0,Yes,Concrete Wall
765157,ANCHOR_01,52:06:26:03:01:DA,-89,MFG_4C000215FDA50693A4E24FB1AFCFC6EB0764782500010002D8,1.0,Yes,Concrete Wall
766147,ANCHOR_01,52:06:26:03:01:DA,-89,MFG_4C000215FDA50693A4E24FB1AFCFC6EB0764782500010002D8,1.0,Yes,Concrete Wall
767167,ANCHOR_01,52:06:26:03:01:DA,-76,MFG_4C000215FDA50693A4E24FB1AFCFC6EB0764782500010002D8,1.0,Yes,Concrete Wall
768157,ANCHOR_01,52:06:26:03:01:DA,-77,MFG_4C000215FDA50693A4E24FB1AFCFC6EB0764782500010002D8,1.0,Yes,Concrete Wall
769177,ANCHOR_01,52:06:26:03:01:DA,-82,MFG_4C000215FDA50693A4E24FB1AFCFC6EB0764782500010002D8,1.0,Yes,Concrete Wall
770167,ANCHOR_01,52:06:26:03:01:DA,-83,MFG_4C000215FDA50693A4E24FB1AFCFC6EB0764782500010002D8,1.0,Yes,Concrete Wall
771187,ANCHOR_01,52:06:26:03:01:DA,-88,MFG_4C000215FDA50693A4E24FB1AFCFC6EB0764782500010002D8,1.0,Yes,Concrete Wall
772207,ANCHOR_01,52:06:26:03:01:DA,-76,MFG_4C000215FDA50693A4E24FB1AFCFC6EB0764782500010002D8,1.0,Yes,Concrete Wall
773197,ANCHOR_01,52:06:26:03:01:DA,-78,MFG_4C000215FDA50693A4E24FB1AFCFC6EB0764782500010002D8,1.0,Yes,Concrete Wall
774217,ANCHOR_01,52:06:26:03:01:DA,-83,MFG_4C000215FDA50693A4E24FB1AFCFC6EB0764782500010002D8,1.0,Yes,Concrete Wall
775207,ANCHOR_01,52:06:26:03:01:DA,-84,MFG_4C000215FDA50693A4E24FB1AFCFC6EB0764782500010002D8,1.0,Yes,Concrete Wall
776227,ANCHOR_01,52:06:26:03:01:DA,-89,MFG_4C000215FDA50693A4E24FB1AFCFC6EB0764782500010002D8,1.0,Yes,Concrete Wall
777217,ANCHOR_01,52:06:26:03:01:DA,-89,MFG_4C000215FDA50693A4E24FB1AFCFC6EB0764782500010002D8,1.0,Yes,Concrete Wall
778237,ANCHOR_01,52:06:26:03:01:DA,-76,MFG_4C000215FDA50693A4E24FB1AFCFC6EB0764782500010002D8,1.0,Yes,Concrete Wall
779227,ANCHOR_01,52:06:26:03:01:DA,-77,MFG_4C000215FDA50693A4E24FB1AFCFC6EB0764782500010002D8,1.0,Yes,Concrete Wall
780247,ANCHOR_01,52:06:26:03:01:DA,-84,MFG_4C000215FDA50693A4E24FB1AFCFC6EB0764782500010002D8,1.0,Yes,Concrete Wall
781237,ANCHOR_01,52:06:26:03:01:DA,-84,MFG_4C000215FDA50693A4E24FB1AFCFC6EB0764782500010002D8,1.0,Yes,Concrete Wall
782257,ANCHOR_01,52:06:26:03:01:DA,-89,MFG_4C000215FDA50693A4E24FB1AFCFC6EB0764782500010002D8,1.0,Yes,Concrete Wall
783247,ANCHOR_01,52:06:26:03:01:DA,-88,MFG_4C000215FDA50693A4E24FB1AFCFC6EB0764782500010002D8,1.0,Yes,Concrete Wall
784267,ANCHOR_01,52:06:26:03:01:DA,-76,MFG_4C000215FDA50693A4E24FB1AFCFC6EB0764782500010002D8,1.0,Yes,Concrete Wall
785257,ANCHOR_01,52:06:26:03:01:DA,-76,MFG_4C000215FDA50693A4E24FB1AFCFC6EB0764782500010002D8,1.0,Yes,Concrete Wall
786277,ANCHOR_01,52:06:26:03:01:DA,-84,MFG_4C000215FDA50693A4E24FB1AFCFC6EB0764782500010002D8,1.0,Yes,Concrete Wall
787267,ANCHOR_01,52:06:26:03:01:DA,-84,MFG_4C000215FDA50693A4E24FB1AFCFC6EB0764782500010002D8,1.0,Yes,Concrete Wall
788287,ANCHOR_01,52:06:26:03:01:DA,-90,MFG_4C000215FDA50693A4E24FB1AFCFC6EB0764782500010002D8,1.0,Yes,Concrete Wall
789277,ANCHOR_01,52:06:26:03:01:DA,-90,MFG_4C000215FDA50693A4E24FB1AFCFC6EB0764782500010002D8,1.0,Yes,Concrete Wall
790297,ANCHOR_01,52:06:26:03:01:DA,-76,MFG_4C000215FDA50693A4E24FB1AFCFC6EB0764782500010002D8,1.0,Yes,Concrete Wall
791287,ANCHOR_01,52:06:26:03:01:DA,-76,MFG_4C000215FDA50693A4E24FB1AFCFC6EB0764782500010002D8,1.0,Yes,Concrete Wall
794287,ANCHOR_01,52:06:26:03:01:DA,-83,MFG_4C000215FDA50693A4E24FB1AFCFC6EB0764782500010002D8,1.0,Yes,Concrete Wall
795307,ANCHOR_01,52:06:26:03:01:DA,-87,MFG_4C000215FDA50693A4E24FB1AFCFC6EB0764782500010002D8,1.0,Yes,Concrete Wall
797317,ANCHOR_01,52:06:26:03:01:DA,-76,MFG_4C000215FDA50693A4E24FB1AFCFC6EB0764782500010002D8,1.0,Yes,Concrete Wall
798337,ANCHOR_01,52:06:26:03:01:DA,-84,MFG_4C000215FDA50693A4E24FB1AFCFC6EB0764782500010002D8,1.0,Yes,Concrete Wall
799327,ANCHOR_01,52:06:26:03:01:DA,-83,MFG_4C000215FDA50693A4E24FB1AFCFC6EB0764782500010002D8,1.0,Yes,Concrete Wall
801337,ANCHOR_01,52:06:26:03:01:DA,-86,MFG_4C000215FDA50693A4E24FB1AFCFC6EB0764782500010002D8,1.0,Yes,Concrete Wall
802357,ANCHOR_01,52:06:26:03:01:DA,-76,MFG_4C000215FDA50693A4E24FB1AFCFC6EB0764782500010002D8,1.0,Yes,Concrete Wall
803347,ANCHOR_01,52:06:26:03:01:DA,-77,MFG_4C000215FDA50693A4E24FB1AFCFC6EB0764782500010002D8,1.0,Yes,Concrete Wall
805357,ANCHOR_01,52:06:26:03:01:DA,-82,MFG_4C000215FDA50693A4E24FB1AFCFC6EB0764782500010002D8,1.0,Yes,Concrete Wall
806347,ANCHOR_01,52:06:26:03:01:DA,-82,MFG_4C000215FDA50693A4E24FB1AFCFC6EB0764782500010002D8,1.0,Yes,Concrete Wall
807367,ANCHOR_01,52:06:26:03:01:DA,-85,MFG_4C000215FDA50693A4E24FB1AFCFC6EB0764782500010002D8,1.0,Yes,Concrete Wall
808357,ANCHOR_01,52:06:26:03:01:DA,-88,MFG_4C000215FDA50693A4E24FB1AFCFC6EB0764782500010002D8,1.0,Yes,Concrete Wall
809377,ANCHOR_01,52:06:26:03:01:DA,-77,MFG_4C000215FDA50693A4E24FB1AFCFC6EB0764782500010002D8,1.0,Yes,Concrete Wall
810367,ANCHOR_01,52:06:26:03:01:DA,-76,MFG_4C000215FDA50693A4E24FB1AFCFC6EB0764782500010002D8,1.0,Yes,Concrete Wall
811387,ANCHOR_01,52:06:26:03:01:DA,-81,MFG_4C000215FDA50693A4E24FB1AFCFC6EB0764782500010002D8,1.0,Yes,Concrete Wall
812377,ANCHOR_01,52:06:26:03:01:DA,-82,MFG_4C000215FDA50693A4E24FB1AFCFC6EB0764782500010002D8,1.0,Yes,Concrete Wall
813397,ANCHOR_01,52:06:26:03:01:DA,-87,MFG_4C000215FDA50693A4E24FB1AFCFC6EB0764782500010002D8,1.0,Yes,Concrete Wall
814387,ANCHOR_01,52:06:26:03:01:DA,-86,MFG_4C000215FDA50693A4E24FB1AFCFC6EB0764782500010002D8,1.0,Yes,Concrete Wall
815407,ANCHOR_01,52:06:26:03:01:DA,-76,MFG_4C000215FDA50693A4E24FB1AFCFC6EB0764782500010002D8,1.0,Yes,Concrete Wall
816397,ANCHOR_01,52:06:26:03:01:DA,-76,MFG_4C000215FDA50693A4E24FB1AFCFC6EB0764782500010002D8,1.0,Yes,Concrete Wall
817417,ANCHOR_01,52:06:26:03:01:DA,-91,MFG_4C000215FDA50693A4E24FB1AFCFC6EB0764782500010002D8,1.0,Yes,Concrete Wall
818407,ANCHOR_01,52:06:26:03:01:DA,-85,MFG_4C000215FDA50693A4E24FB1AFCFC6EB0764782500010002D8,1.0,Yes,Concrete Wall
819427,ANCHOR_01,52:06:26:03:01:DA,-87,MFG_4C000215FDA50693A4E24FB1AFCFC6EB0764782500010002D8,1.0,Yes,Concrete Wall
820417,ANCHOR_01,52:06:26:03:01:DA,-91,MFG_4C000215FDA50693A4E24FB1AFCFC6EB0764782500010002D8,1.0,Yes,Concrete Wall
821437,ANCHOR_01,52:06:26:03:01:DA,-76,MFG_4C000215FDA50693A4E24FB1AFCFC6EB0764782500010002D8,1.0,Yes,Concrete Wall
822427,ANCHOR_01,52:06:26:03:01:DA,-77,MFG_4C000215FDA50693A4E24FB1AFCFC6EB0764782500010002D8,1.0,Yes,Concrete Wall
824437,ANCHOR_01,52:06:26:03:01:DA,-79,MFG_4C000215FDA50693A4E24FB1AFCFC6EB0764782500010002D8,1.0,Yes,Concrete Wall
825457,ANCHOR_01,52:06:26:03:01:DA,-89,MFG_4C000215FDA50693A4E24FB1AFCFC6EB0764782500010002D8,1.0,Yes,Concrete Wall
826447,ANCHOR_01,52:06:26:03:01:DA,-81,MFG_4C000215FDA50693A4E24FB1AFCFC6EB0764782500010002D8,1.0,Yes,Concrete Wall
827467,ANCHOR_01,52:06:26:03:01:DA,-79,MFG_4C000215FDA50693A4E24FB1AFCFC6EB0764782500010002D8,1.0,Yes,Concrete Wall
828457,ANCHOR_01,52:06:26:03:01:DA,-74,MFG_4C000215FDA50693A4E24FB1AFCFC6EB0764782500010002D8,1.0,Yes,Concrete Wall
829477,ANCHOR_01,52:06:26:03:01:DA,-86,MFG_4C000215FDA50693A4E24FB1AFCFC6EB0764782500010002D8,1.0,Yes,Concrete Wall
830467,ANCHOR_01,52:06:26:03:01:DA,-86,MFG_4C000215FDA50693A4E24FB1AFCFC6EB0764782500010002D8,1.0,Yes,Concrete Wall
831487,ANCHOR_01,52:06:26:03:01:DA,-84,MFG_4C000215FDA50693A4E24FB1AFCFC6EB0764782500010002D8,1.0,Yes,Concrete Wall
832477,ANCHOR_01,52:06:26:03:01:DA,-84,MFG_4C000215FDA50693A4E24FB1AFCFC6EB0764782500010002D8,1.0,Yes,Concrete Wall
