iter	Passed	Remaining
0	23	9344
1	43	8745
2	66	8769
3	84	8405
4	106	8386
5	126	8301
6	147	8267
7	169	8290
8	187	8134
9	209	8176
10	229	8124
11	250	8091
12	272	8111
13	293	8103
14	311	8000
15	333	7999
16	359	8102
17	382	8110
18	403	8094
19	421	8015
20	442	7982
21	466	8018
22	486	7979
23	507	7950
24	527	7911
25	545	7849
26	568	7854
27	592	7872
28	611	7825
29	633	7813
30	653	7774
31	672	7738
32	692	7706
33	714	7695
34	741	7728
35	761	7696
36	782	7679
37	801	7637
38	820	7596
39	842	7585
40	865	7577
41	886	7552
42	905	7521
43	925	7489
44	946	7470
45	966	7441
46	988	7425
47	1011	7414
48	1032	7396
49	1052	7364
50	1071	7333
51	1092	7313
52	1116	7308
53	1138	7293
54	1161	7284
55	1184	7275
56	1205	7252
57	1228	7245
58	1252	7238559	1271	7202660	1289	7164661	1306	7124662	1326	7094663	1344	7057664	1366	7041665	1390	7035666	1411	7015667	1434	7006668	1462	7014669	1482	6989770	1510	6999771	1525	6949772	1545	6923773	1567	6904774	1592	6898775	1615	6889776	1635	6862777	1655	6833778	1674	6805779	1693	6775880	1709	6733881	1727	6701882	1749	6683883	1767	6649884	1784	6612885	1802	6580886	1820	6548887	1837	6515888	1858	649289	1872	6448
990	1899	6450991	1917	6419992	1936	6393993	1955	6366994	1971	6330995	1993	6312996	2017	6302997	2037	6277998	2055	6248999	2076	62301100	2097	62091101	2116	61841102	2139	6167
103	2158	6142
104	2179	6122
105	2193	6084
106	2212	60571107	2231	6032
108	2250	6009
109	2270	5986
110	2289	5960
111	2307	5932
112	2326	5908
113	2345	5885
114	2364	5860
115	2382	5832
116	2400	5806
117	2420	5785
118	2442	5767
119	2461	5744
120	2480	5719
121	2498	5694
122	2507	5646
123	2526	5623
124	2549	5608
125	2569	5587
126	2589	5567
127	2609	5544
128	2627	5520
129	2647	5498
130	2663	5469
131	2681	5445
132	2698	5417
133	2718	5396
134	2741	5380
135	2759	5357
136	2780	5337
137	2798	5312
138	2818	5291
139	2836	5268
140	2850	5236
141	2868	5211
142	2885	5185
143	2903	5162
144	2922	5138
145	2940	5116
146	2956	5087
147	2976	5067
148	2992	5040
149	3012	5020
150	3036	5007
151	3056	4987
152	3079	4971
153	3100	4952
154	3122	4934
155	3144	4918
156	3163	4896
157	3173	4860
158	3190	4836
159	3212	4818
160	3230	4796
161	3249	4773
162	3266	4749
163	3282	4723
164	3300	4701
165	3319	4679
166	3339	4658
167	3357	4635
168	3374	4612
169	3392	4590
170	3415	4574
171	3436	4554
172	3454	4532
173	3474	4513
174	3492	4490
175	3512	4471
176	3533	4451
177	3552	4430
178	3571	4409
179	3588	4385
180	3609	4367
181	3631	4349
182	3652	4331
183	3669	4308
184	3688	4286
185	3707	4266
186	3728	4246
187	3744	4222
188	3760	4198
189	3777	4175
190	3797	4155
191	3817	4135
192	3836	4114
193	3855	4094
194	3876	4074
195	3893	4051
196	3913	4032
197	3932	4011
198	3951	3991
199	3969	3969
200	3987	3948
201	4006	3927
202	4030	3911
203	4048	3890
204	4067	3868
205	4086	3848
206	4104	3826
207	4123	3806
208	4142	3786
209	4163	3767
210	4183	3747
211	4202	3726
212	4222	3706
213	4241	3686
214	4261	3667
215	4280	3646
216	4305	3631
217	4327	3613
218	4346	3592
219	4369	3574
220	4389	3555
221	4412	3537
222	4432	3517
223	4452	3498
224	4472	3478
225	4490	3457
226	4510	3437
227	4531	3418
228	4551	3399
229	4571	3379
230	4590	3358
231	4609	3337
232	4630	3318
233	4649	3298
234	4666	3276
235	4686	3256
236	4702	3234
237	4722	3214
238	4741	3194
239	4759	3173
240	4778	3152
241	4800	3134
242	4819	3113
243	4839	3093
244	4856	3072
245	4876	3052
246	4898	3034
247	4918	3014
248	4939	2995
249	4955	2973
250	4974	2953
251	4989	2930
252	5009	2910
253	5027	2889
254	5048	2870
255	5068	2851
256	5086	28292257	5106	28102258	5126	27902259	5146	27712260	5165	27512261	5184	27302262	5203	27102263	5223	26902264	5243	26712265	5264	26522266	5282	26312267	5300	26102268	5323	25922269	5343	25722270	5366	25542271	5389	25362272	5409	25162273	5433	24982274	5456	24802275	5476	24602276	5495	24402277	5514	24192278	5534	24002279	5555	23812280	5576	23612281	5594	23412282	5616	23212283	5639	23032284	5658	22832285	5678	22632286	5700	2244
287	5720	2224
288	5739	2204
289	5759	2184
290	5779	2164
291	5799	2144
292	5813	21232293	5837	21042294	5858	2085
295	5877	2064
296	5896	2044
297	5914	20242298	5936	2005
299	5956	1985
300	5980	1966
301	5995	19453302	6014	19253303	6033	19053304	6057	1886
305	6073	18653306	6094	18463307	6114	18263308	6130	18053309	6151	17853310	6170	17653311	6192	17463312	6214	17273313	6234	17073314	6253	16873315	6269	16663316	6289	16463317	6307	16263318	6327	16063319	6347	15863320	6366	1566321	6381	1545
322	6403	1526
323	6424	1507
3324	6453	14893325	6474	14693326	6494	14493327	6513	14293328	6533	14103329	6555	13903330	6574	13703331	6594	13503332	6613	13303333	6632	13103334	6651	12903335	6671	12703336	6690	12503337	6711	12313338	6729	12103339	6751	11913340	6771	11713341	6791	11513342	6810	11313343	6826	11113344	6847	10913345	6867	10713346	6886	10513347	6905	10313348	6924	10113349	6944	992350	6953	970
3351	6983	952352	6994	931
3353	7024	9123354	7048	8933355	7067	8733356	7085	8533357	7103	8333358	7121	813359	7136	792
360	7156	773
361	7176	753
362	7194	733
363	7218	713
364	7237	694
365	7259	674
366	7280	654
367	7299	634
368	7317	614
369	7335	594
370	7359	575
371	7382	555
372	7401	535
373	7423	516
374	7442	496
375	7458	476
376	7475	456
377	7490	435
378	7504	415
379	7516	395
380	7528	375
381	7543	355
382	7556	335
383	7569	315
384	7581	295
385	7594	275
386	7607	255
387	7620	235
388	7634	215
389	7646	196
390	7659	176
391	7672	156
392	7685	136
393	7699	117
394	7711	97
395	7724	78
396	7738	58
397	7752	38
398	7763	19
399	7775	0

